Datetime (UTC),Country,Zone name,Zone id,Carbon intensity gCO₂eq/kWh (direct),Carbon intensity gCO₂eq/kWh (Life cycle),Carbon-free energy percentage (CFE%),Renewable energy percentage (RE%),Data source,Data estimated,Data estimation method
2021-01-01 00:00:00,Tunisia,Tunisia,TN,364.82,483.29,1.40,1.40,EMBER + Electricity Maps Estimation,true,ESTIMATED_GENERAL_PURPOSE_ZONE_MODEL
2021-01-02 00:00:00,Tunisia,Tunisia,TN,351.47,466.01,5.01,5.01,EMBER + Electricity Maps Estimation,true,ESTIMATED_GENERAL_PURPOSE_ZONE_MODEL
2021-01-03 00:00:00,Tunisia,Tunisia,TN,348.42,462.07,5.83,5.83,EMBER + Electricity Maps Estimation,true,ESTIMATED_GENERAL_PURPOSE_ZONE_MODEL
2021-01-04 00:00:00,Tunisia,Tunisia,TN,359.15,475.96,2.93,2.93,EMBER + Electricity Maps Estimation,true,ESTIMATED_GENERAL_PURPOSE_ZONE_MODEL
2021-01-05 00:00:00,Tunisia,Tunisia,TN,361.84,479.43,2.21,2.21,EMBER + Electricity Maps Estimation,true,ESTIMATED_GENERAL_PURPOSE_ZONE_MODEL
2021-01-06 00:00:00,Tunisia,Tunisia,TN,361.74,479.31,2.23,2.23,EMBER + Electricity Maps Estimation,true,ESTIMATED_GENERAL_PURPOSE_ZONE_MODEL
2021-01-07 00:00:00,Tunisia,Tunisia,TN,350.47,464.72,5.28,5.28,EMBER + Electricity Maps Estimation,true,ESTIMATED_GENERAL_PURPOSE_ZONE_MODEL
2021-01-08 00:00:00,Tunisia,Tunisia,TN,347.25,460.55,6.15,6.15,EMBER + Electricity Maps Estimation,true,ESTIMATED_GENERAL_PURPOSE_ZONE_MODEL
2021-01-09 00:00:00,Tunisia,Tunisia,TN,344.07,456.43,7.01,7.01,EMBER + Electricity Maps Estimation,true,ESTIMATED_GENERAL_PURPOSE_ZONE_MODEL
2021-01-10 00:00:00,Tunisia,Tunisia,TN,345.84,458.72,6.53,6.53,EMBER + Electricity Maps Estimation,true,ESTIMATED_GENERAL_PURPOSE_ZONE_MODEL
2021-01-11 00:00:00,Tunisia,Tunisia,TN,356.29,472.24,3.71,3.71,EMBER + Electricity Maps Estimation,true,ESTIMATED_GENERAL_PURPOSE_ZONE_MODEL
2021-01-12 00:00:00,Tunisia,Tunisia,TN,352.76,467.68,4.66,4.66,EMBER + Electricity Maps Estimation,true,ESTIMATED_GENERAL_PURPOSE_ZONE_MODEL
2021-01-13 00:00:00,Tunisia,Tunisia,TN,354.54,469.99,4.18,4.18,EMBER + Electricity Maps Estimation,true,ESTIMATED_GENERAL_PURPOSE_ZONE_MODEL
2021-01-14 00:00:00,Tunisia,Tunisia,TN,360.74,478.02,2.50,2.50,EMBER + Electricity Maps Estimation,true,ESTIMATED_GENERAL_PURPOSE_ZONE_MODEL
2021-01-15 00:00:00,Tunisia,Tunisia,TN,356.88,473.01,3.55,3.55,EMBER + Electricity Maps Estimation,true,ESTIMATED_GENERAL_PURPOSE_ZONE_MODEL
2021-01-16 00:00:00,Tunisia,Tunisia,TN,355.32,471.00,3.97,3.97,EMBER + Electricity Maps Estimation,true,ESTIMATED_GENERAL_PURPOSE_ZONE_MODEL
2021-01-17 00:00:00,Tunisia,Tunisia,TN,354.68,470.16,4.14,4.14,EMBER + Electricity Maps Estimation,true,ESTIMATED_GENERAL_PURPOSE_ZONE_MODEL
2021-01-18 00:00:00,Tunisia,Tunisia,TN,362.89,480.79,1.92,1.92,EMBER + Electricity Maps Estimation,true,ESTIMATED_GENERAL_PURPOSE_ZONE_MODEL
2021-01-19 00:00:00,Tunisia,Tunisia,TN,368.84,488.50,0.31,0.31,EMBER + Electricity Maps Estimation,true,ESTIMATED_GENERAL_PURPOSE_ZONE_MODEL
2021-01-20 00:00:00,Tunisia,Tunisia,TN,358.42,475.01,3.13,3.13,EMBER + Electricity Maps Estimation,true,ESTIMATED_GENERAL_PURPOSE_ZONE_MODEL
2021-01-21 00:00:00,Tunisia,Tunisia,TN,362.92,480.83,1.91,1.91,EMBER + Electricity Maps Estimation,true,ESTIMATED_GENERAL_PURPOSE_ZONE_MODEL
2021-01-22 00:00:00,Tunisia,Tunisia,TN,359.94,476.97,2.72,2.72,EMBER + Electricity Maps Estimation,true,ESTIMATED_GENERAL_PURPOSE_ZONE_MODEL
2021-01-23 00:00:00,Tunisia,Tunisia,TN,350.86,465.22,5.17,5.17,EMBER + Electricity Maps Estimation,true,ESTIMATED_GENERAL_PURPOSE_ZONE_MODEL
2021-01-24 00:00:00,Tunisia,Tunisia,TN,347.70,461.13,6.03,6.03,EMBER + Electricity Maps Estimation,true,ESTIMATED_GENERAL_PURPOSE_ZONE_MODEL
2021-01-25 00:00:00,Tunisia,Tunisia,TN,358.58,475.21,3.09,3.09,EMBER + Electricity Maps Estimation,true,ESTIMATED_GENERAL_PURPOSE_ZONE_MODEL
2021-01-26 00:00:00,Tunisia,Tunisia,TN,351.17,465.63,5.09,5.09,EMBER + Electricity Maps Estimation,true,ESTIMATED_GENERAL_PURPOSE_ZONE_MODEL
2021-01-27 00:00:00,Tunisia,Tunisia,TN,360.29,477.43,2.62,2.62,EMBER + Electricity Maps Estimation,true,ESTIMATED_GENERAL_PURPOSE_ZONE_MODEL
2021-01-28 00:00:00,Tunisia,Tunisia,TN,361.13,478.52,2.40,2.40,EMBER + Electricity Maps Estimation,true,ESTIMATED_GENERAL_PURPOSE_ZONE_MODEL
2021-01-29 00:00:00,Tunisia,Tunisia,TN,353.44,468.57,4.48,4.48,EMBER + Electricity Maps Estimation,true,ESTIMATED_GENERAL_PURPOSE_ZONE_MODEL
2021-01-30 00:00:00,Tunisia,Tunisia,TN,348.72,462.45,5.75,5.75,EMBER + Electricity Maps Estimation,true,ESTIMATED_GENERAL_PURPOSE_ZONE_MODEL
2021-01-31 00:00:00,Tunisia,Tunisia,TN,349.03,462.85,5.67,5.67,EMBER + Electricity Maps Estimation,true,ESTIMATED_GENERAL_PURPOSE_ZONE_MODEL
2021-02-01 00:00:00,Tunisia,Tunisia,TN,351.34,465.85,5.04,5.04,EMBER + Electricity Maps Estimation,true,ESTIMATED_GENERAL_PURPOSE_ZONE_MODEL
2021-02-02 00:00:00,Tunisia,Tunisia,TN,354.21,469.56,4.27,4.27,EMBER + Electricity Maps Estimation,true,ESTIMATED_GENERAL_PURPOSE_ZONE_MODEL
2021-02-03 00:00:00,Tunisia,Tunisia,TN,368.17,487.62,0.50,0.50,EMBER + Electricity Maps Estimation,true,ESTIMATED_GENERAL_PURPOSE_ZONE_MODEL
2021-02-04 00:00:00,Tunisia,Tunisia,TN,355.69,471.47,3.87,3.87,EMBER + Electricity Maps Estimation,true,ESTIMATED_GENERAL_PURPOSE_ZONE_MODEL
2021-02-05 00:00:00,Tunisia,Tunisia,TN,350.51,464.77,5.27,5.27,EMBER + Electricity Maps Estimation,true,ESTIMATED_GENERAL_PURPOSE_ZONE_MODEL
2021-02-06 00:00:00,Tunisia,Tunisia,TN,348.57,462.26,5.79,5.79,EMBER + Electricity Maps Estimation,true,ESTIMATED_GENERAL_PURPOSE_ZONE_MODEL
2021-02-07 00:00:00,Tunisia,Tunisia,TN,344.94,457.55,6.77,6.77,EMBER + Electricity Maps Estimation,true,ESTIMATED_GENERAL_PURPOSE_ZONE_MODEL
2021-02-08 00:00:00,Tunisia,Tunisia,TN,350.26,464.44,5.34,5.34,EMBER + Electricity Maps Estimation,true,ESTIMATED_GENERAL_PURPOSE_ZONE_MODEL
2021-02-09 00:00:00,Tunisia,Tunisia,TN,353.36,468.46,4.50,4.50,EMBER + Electricity Maps Estimation,true,ESTIMATED_GENERAL_PURPOSE_ZONE_MODEL
2021-02-10 00:00:00,Tunisia,Tunisia,TN,351.98,466.68,4.87,4.87,EMBER + Electricity Maps Estimation,true,ESTIMATED_GENERAL_PURPOSE_ZONE_MODEL
2021-02-11 00:00:00,Tunisia,Tunisia,TN,362.09,479.76,2.14,2.14,EMBER + Electricity Maps Estimation,true,ESTIMATED_GENERAL_PURPOSE_ZONE_MODEL
2021-02-12 00:00:00,Tunisia,Tunisia,TN,369.12,488.86,0.24,0.24,EMBER + Electricity Maps Estimation,true,ESTIMATED_GENERAL_PURPOSE_ZONE_MODEL
2021-02-13 00:00:00,Tunisia,Tunisia,TN,350.91,465.29,5.16,5.16,EMBER + Electricity Maps Estimation,true,ESTIMATED_GENERAL_PURPOSE_ZONE_MODEL
2021-02-14 00:00:00,Tunisia,Tunisia,TN,353.67,468.86,4.41,4.41,EMBER + Electricity Maps Estimation,true,ESTIMATED_GENERAL_PURPOSE_ZONE_MODEL
2021-02-15 00:00:00,Tunisia,Tunisia,TN,359.15,475.95,2.93,2.93,EMBER + Electricity Maps Estimation,true,ESTIMATED_GENERAL_PURPOSE_ZONE_MODEL
2021-02-16 00:00:00,Tunisia,Tunisia,TN,369.13,488.88,0.24,0.24,EMBER + Electricity Maps Estimation,true,ESTIMATED_GENERAL_PURPOSE_ZONE_MODEL
2021-02-17 00:00:00,Tunisia,Tunisia,TN,369.38,489.20,0.17,0.17,EMBER + Electricity Maps Estimation,true,ESTIMATED_GENERAL_PURPOSE_ZONE_MODEL
2021-02-18 00:00:00,Tunisia,Tunisia,TN,369.26,489.04,0.20,0.20,EMBER + Electricity Maps Estimation,true,ESTIMATED_GENERAL_PURPOSE_ZONE_MODEL
2021-02-19 00:00:00,Tunisia,Tunisia,TN,369.03,488.75,0.26,0.26,EMBER + Electricity Maps Estimation,true,ESTIMATED_GENERAL_PURPOSE_ZONE_MODEL
2021-02-20 00:00:00,Tunisia,Tunisia,TN,368.67,488.27,0.36,0.36,EMBER + Electricity Maps Estimation,true,ESTIMATED_GENERAL_PURPOSE_ZONE_MODEL
2021-02-21 00:00:00,Tunisia,Tunisia,TN,360.79,478.07,2.49,2.49,EMBER + Electricity Maps Estimation,true,ESTIMATED_GENERAL_PURPOSE_ZONE_MODEL
2021-02-22 00:00:00,Tunisia,Tunisia,TN,351.72,466.34,4.94,4.94,EMBER + Electricity Maps Estimation,true,ESTIMATED_GENERAL_PURPOSE_ZONE_MODEL
2021-02-23 00:00:00,Tunisia,Tunisia,TN,351.52,466.08,4.99,4.99,EMBER + Electricity Maps Estimation,true,ESTIMATED_GENERAL_PURPOSE_ZONE_MODEL
2021-02-24 00:00:00,Tunisia,Tunisia,TN,353.75,468.97,4.39,4.39,EMBER + Electricity Maps Estimation,true,ESTIMATED_GENERAL_PURPOSE_ZONE_MODEL
2021-02-25 00:00:00,Tunisia,Tunisia,TN,362.46,480.24,2.04,2.04,EMBER + Electricity Maps Estimation,true,ESTIMATED_GENERAL_PURPOSE_ZONE_MODEL
2021-02-26 00:00:00,Tunisia,Tunisia,TN,368.68,488.29,0.36,0.36,EMBER + Electricity Maps Estimation,true,ESTIMATED_GENERAL_PURPOSE_ZONE_MODEL
2021-02-27 00:00:00,Tunisia,Tunisia,TN,369.15,488.90,0.23,0.23,EMBER + Electricity Maps Estimation,true,ESTIMATED_GENERAL_PURPOSE_ZONE_MODEL
2021-02-28 00:00:00,Tunisia,Tunisia,TN,362.92,480.84,1.91,1.91,EMBER + Electricity Maps Estimation,true,ESTIMATED_GENERAL_PURPOSE_ZONE_MODEL
2021-03-01 00:00:00,Tunisia,Tunisia,TN,356.93,473.08,3.53,3.53,EMBER + Electricity Maps Estimation,true,ESTIMATED_GENERAL_PURPOSE_ZONE_MODEL
2021-03-02 00:00:00,Tunisia,Tunisia,TN,354.46,469.88,4.20,4.20,EMBER + Electricity Maps Estimation,true,ESTIMATED_GENERAL_PURPOSE_ZONE_MODEL
2021-03-03 00:00:00,Tunisia,Tunisia,TN,354.94,470.50,4.07,4.07,EMBER + Electricity Maps Estimation,true,ESTIMATED_GENERAL_PURPOSE_ZONE_MODEL
2021-03-04 00:00:00,Tunisia,Tunisia,TN,354.42,469.83,4.21,4.21,EMBER + Electricity Maps Estimation,true,ESTIMATED_GENERAL_PURPOSE_ZONE_MODEL
2021-03-05 00:00:00,Tunisia,Tunisia,TN,359.94,476.98,2.72,2.72,EMBER + Electricity Maps Estimation,true,ESTIMATED_GENERAL_PURPOSE_ZONE_MODEL
2021-03-06 00:00:00,Tunisia,Tunisia,TN,365.55,484.24,1.20,1.20,EMBER + Electricity Maps Estimation,true,ESTIMATED_GENERAL_PURPOSE_ZONE_MODEL
2021-03-07 00:00:00,Tunisia,Tunisia,TN,351.57,466.14,4.98,4.98,EMBER + Electricity Maps Estimation,true,ESTIMATED_GENERAL_PURPOSE_ZONE_MODEL
2021-03-08 00:00:00,Tunisia,Tunisia,TN,356.89,473.02,3.54,3.54,EMBER + Electricity Maps Estimation,true,ESTIMATED_GENERAL_PURPOSE_ZONE_MODEL
2021-03-09 00:00:00,Tunisia,Tunisia,TN,363.02,480.96,1.89,1.89,EMBER + Electricity Maps Estimation,true,ESTIMATED_GENERAL_PURPOSE_ZONE_MODEL
2021-03-10 00:00:00,Tunisia,Tunisia,TN,353.53,468.67,4.45,4.45,EMBER + Electricity Maps Estimation,true,ESTIMATED_GENERAL_PURPOSE_ZONE_MODEL
2021-03-11 00:00:00,Tunisia,Tunisia,TN,355.75,471.55,3.85,3.85,EMBER + Electricity Maps Estimation,true,ESTIMATED_GENERAL_PURPOSE_ZONE_MODEL
2021-03-12 00:00:00,Tunisia,Tunisia,TN,368.13,487.57,0.51,0.51,EMBER + Electricity Maps Estimation,true,ESTIMATED_GENERAL_PURPOSE_ZONE_MODEL
2021-03-13 00:00:00,Tunisia,Tunisia,TN,357.26,473.50,3.44,3.44,EMBER + Electricity Maps Estimation,true,ESTIMATED_GENERAL_PURPOSE_ZONE_MODEL
2021-03-14 00:00:00,Tunisia,Tunisia,TN,358.16,474.67,3.20,3.20,EMBER + Electricity Maps Estimation,true,ESTIMATED_GENERAL_PURPOSE_ZONE_MODEL
2021-03-15 00:00:00,Tunisia,Tunisia,TN,351.73,466.35,4.94,4.94,EMBER + Electricity Maps Estimation,true,ESTIMATED_GENERAL_PURPOSE_ZONE_MODEL
2021-03-16 00:00:00,Tunisia,Tunisia,TN,357.96,474.42,3.25,3.25,EMBER + Electricity Maps Estimation,true,ESTIMATED_GENERAL_PURPOSE_ZONE_MODEL
2021-03-17 00:00:00,Tunisia,Tunisia,TN,360.03,477.09,2.70,2.70,EMBER + Electricity Maps Estimation,true,ESTIMATED_GENERAL_PURPOSE_ZONE_MODEL
2021-03-18 00:00:00,Tunisia,Tunisia,TN,360.25,477.37,2.64,2.64,EMBER + Electricity Maps Estimation,true,ESTIMATED_GENERAL_PURPOSE_ZONE_MODEL
2021-03-19 00:00:00,Tunisia,Tunisia,TN,363.13,481.11,1.86,1.86,EMBER + Electricity Maps Estimation,true,ESTIMATED_GENERAL_PURPOSE_ZONE_MODEL
2021-03-20 00:00:00,Tunisia,Tunisia,TN,355.02,470.61,4.05,4.05,EMBER + Electricity Maps Estimation,true,ESTIMATED_GENERAL_PURPOSE_ZONE_MODEL
2021-03-21 00:00:00,Tunisia,Tunisia,TN,352.11,466.85,4.84,4.84,EMBER + Electricity Maps Estimation,true,ESTIMATED_GENERAL_PURPOSE_ZONE_MODEL
2021-03-22 00:00:00,Tunisia,Tunisia,TN,357.49,473.81,3.38,3.38,EMBER + Electricity Maps Estimation,true,ESTIMATED_GENERAL_PURPOSE_ZONE_MODEL
2021-03-23 00:00:00,Tunisia,Tunisia,TN,356.93,473.07,3.53,3.53,EMBER + Electricity Maps Estimation,true,ESTIMATED_GENERAL_PURPOSE_ZONE_MODEL
2021-03-24 00:00:00,Tunisia,Tunisia,TN,366.91,486.00,0.84,0.84,EMBER + Electricity Maps Estimation,true,ESTIMATED_GENERAL_PURPOSE_ZONE_MODEL
2021-03-25 00:00:00,Tunisia,Tunisia,TN,369.41,489.23,0.16,0.16,EMBER + Electricity Maps Estimation,true,ESTIMATED_GENERAL_PURPOSE_ZONE_MODEL
2021-03-26 00:00:00,Tunisia,Tunisia,TN,367.88,487.26,0.57,0.57,EMBER + Electricity Maps Estimation,true,ESTIMATED_GENERAL_PURPOSE_ZONE_MODEL
2021-03-27 00:00:00,Tunisia,Tunisia,TN,363.94,482.16,1.64,1.64,EMBER + Electricity Maps Estimation,true,ESTIMATED_GENERAL_PURPOSE_ZONE_MODEL
2021-03-28 00:00:00,Tunisia,Tunisia,TN,368.67,488.28,0.36,0.36,EMBER + Electricity Maps Estimation,true,ESTIMATED_GENERAL_PURPOSE_ZONE_MODEL
2021-03-29 00:00:00,Tunisia,Tunisia,TN,364.77,483.23,1.41,1.41,EMBER + Electricity Maps Estimation,true,ESTIMATED_GENERAL_PURPOSE_ZONE_MODEL
2021-03-30 00:00:00,Tunisia,Tunisia,TN,365.77,484.53,1.14,1.14,EMBER + Electricity Maps Estimation,true,ESTIMATED_GENERAL_PURPOSE_ZONE_MODEL
2021-03-31 00:00:00,Tunisia,Tunisia,TN,368.77,488.41,0.33,0.33,EMBER + Electricity Maps Estimation,true,ESTIMATED_GENERAL_PURPOSE_ZONE_MODEL
2021-04-01 00:00:00,Tunisia,Tunisia,TN,368.97,488.66,0.28,0.28,EMBER + Electricity Maps Estimation,true,ESTIMATED_GENERAL_PURPOSE_ZONE_MODEL
2021-04-02 00:00:00,Tunisia,Tunisia,TN,362.56,480.37,2.01,2.01,EMBER + Electricity Maps Estimation,true,ESTIMATED_GENERAL_PURPOSE_ZONE_MODEL
2021-04-03 00:00:00,Tunisia,Tunisia,TN,354.91,470.47,4.08,4.08,EMBER + Electricity Maps Estimation,true,ESTIMATED_GENERAL_PURPOSE_ZONE_MODEL
2021-04-04 00:00:00,Tunisia,Tunisia,TN,356.15,472.07,3.74,3.74,EMBER + Electricity Maps Estimation,true,ESTIMATED_GENERAL_PURPOSE_ZONE_MODEL
2021-04-05 00:00:00,Tunisia,Tunisia,TN,357.05,473.23,3.50,3.50,EMBER + Electricity Maps Estimation,true,ESTIMATED_GENERAL_PURPOSE_ZONE_MODEL
2021-04-06 00:00:00,Tunisia,Tunisia,TN,368.69,488.30,0.36,0.36,EMBER + Electricity Maps Estimation,true,ESTIMATED_GENERAL_PURPOSE_ZONE_MODEL
2021-04-07 00:00:00,Tunisia,Tunisia,TN,364.28,482.60,1.55,1.55,EMBER + Electricity Maps Estimation,true,ESTIMATED_GENERAL_PURPOSE_ZONE_MODEL
2021-04-08 00:00:00,Tunisia,Tunisia,TN,351.33,465.83,5.05,5.05,EMBER + Electricity Maps Estimation,true,ESTIMATED_GENERAL_PURPOSE_ZONE_MODEL
2021-04-09 00:00:00,Tunisia,Tunisia,TN,353.68,468.87,4.41,4.41,EMBER + Electricity Maps Estimation,true,ESTIMATED_GENERAL_PURPOSE_ZONE_MODEL
2021-04-10 00:00:00,Tunisia,Tunisia,TN,352.32,467.11,4.78,4.78,EMBER + Electricity Maps Estimation,true,ESTIMATED_GENERAL_PURPOSE_ZONE_MODEL
2021-04-11 00:00:00,Tunisia,Tunisia,TN,352.62,467.50,4.70,4.70,EMBER + Electricity Maps Estimation,true,ESTIMATED_GENERAL_PURPOSE_ZONE_MODEL
2021-04-12 00:00:00,Tunisia,Tunisia,TN,355.79,471.61,3.84,3.84,EMBER + Electricity Maps Estimation,true,ESTIMATED_GENERAL_PURPOSE_ZONE_MODEL
2021-04-13 00:00:00,Tunisia,Tunisia,TN,354.39,469.79,4.22,4.22,EMBER + Electricity Maps Estimation,true,ESTIMATED_GENERAL_PURPOSE_ZONE_MODEL
2021-04-14 00:00:00,Tunisia,Tunisia,TN,366.17,485.04,1.04,1.04,EMBER + Electricity Maps Estimation,true,ESTIMATED_GENERAL_PURPOSE_ZONE_MODEL
2021-04-15 00:00:00,Tunisia,Tunisia,TN,358.15,474.66,3.20,3.20,EMBER + Electricity Maps Estimation,true,ESTIMATED_GENERAL_PURPOSE_ZONE_MODEL
2021-04-16 00:00:00,Tunisia,Tunisia,TN,358.87,475.59,3.01,3.01,EMBER + Electricity Maps Estimation,true,ESTIMATED_GENERAL_PURPOSE_ZONE_MODEL
2021-04-17 00:00:00,Tunisia,Tunisia,TN,358.76,475.44,3.04,3.04,EMBER + Electricity Maps Estimation,true,ESTIMATED_GENERAL_PURPOSE_ZONE_MODEL
2021-04-18 00:00:00,Tunisia,Tunisia,TN,357.34,473.60,3.42,3.42,EMBER + Electricity Maps Estimation,true,ESTIMATED_GENERAL_PURPOSE_ZONE_MODEL
2021-04-19 00:00:00,Tunisia,Tunisia,TN,366.39,485.33,0.98,0.98,EMBER + Electricity Maps Estimation,true,ESTIMATED_GENERAL_PURPOSE_ZONE_MODEL
2021-04-20 00:00:00,Tunisia,Tunisia,TN,365.60,484.30,1.19,1.19,EMBER + Electricity Maps Estimation,true,ESTIMATED_GENERAL_PURPOSE_ZONE_MODEL
2021-04-21 00:00:00,Tunisia,Tunisia,TN,357.25,473.50,3.44,3.44,EMBER + Electricity Maps Estimation,true,ESTIMATED_GENERAL_PURPOSE_ZONE_MODEL
2021-04-22 00:00:00,Tunisia,Tunisia,TN,362.46,480.24,2.04,2.04,EMBER + Electricity Maps Estimation,true,ESTIMATED_GENERAL_PURPOSE_ZONE_MODEL
2021-04-23 00:00:00,Tunisia,Tunisia,TN,358.46,475.05,3.12,3.12,EMBER + Electricity Maps Estimation,true,ESTIMATED_GENERAL_PURPOSE_ZONE_MODEL
2021-04-24 00:00:00,Tunisia,Tunisia,TN,352.44,467.27,4.75,4.75,EMBER + Electricity Maps Estimation,true,ESTIMATED_GENERAL_PURPOSE_ZONE_MODEL
2021-04-25 00:00:00,Tunisia,Tunisia,TN,359.96,477.00,2.71,2.71,EMBER + Electricity Maps Estimation,true,ESTIMATED_GENERAL_PURPOSE_ZONE_MODEL
2021-04-26 00:00:00,Tunisia,Tunisia,TN,357.93,474.38,3.26,3.26,EMBER + Electricity Maps Estimation,true,ESTIMATED_GENERAL_PURPOSE_ZONE_MODEL
2021-04-27 00:00:00,Tunisia,Tunisia,TN,362.46,480.23,2.04,2.04,EMBER + Electricity Maps Estimation,true,ESTIMATED_GENERAL_PURPOSE_ZONE_MODEL
2021-04-28 00:00:00,Tunisia,Tunisia,TN,364.11,482.38,1.59,1.59,EMBER + Electricity Maps Estimation,true,ESTIMATED_GENERAL_PURPOSE_ZONE_MODEL
2021-04-29 00:00:00,Tunisia,Tunisia,TN,365.27,483.87,1.28,1.28,EMBER + Electricity Maps Estimation,true,ESTIMATED_GENERAL_PURPOSE_ZONE_MODEL
2021-04-30 00:00:00,Tunisia,Tunisia,TN,364.67,483.10,1.44,1.44,EMBER + Electricity Maps Estimation,true,ESTIMATED_GENERAL_PURPOSE_ZONE_MODEL
2021-05-01 00:00:00,Tunisia,Tunisia,TN,353.95,469.22,4.34,4.34,EMBER + Electricity Maps Estimation,true,ESTIMATED_GENERAL_PURPOSE_ZONE_MODEL
2021-05-02 00:00:00,Tunisia,Tunisia,TN,352.48,467.32,4.74,4.74,EMBER + Electricity Maps Estimation,true,ESTIMATED_GENERAL_PURPOSE_ZONE_MODEL
2021-05-03 00:00:00,Tunisia,Tunisia,TN,357.35,473.62,3.42,3.42,EMBER + Electricity Maps Estimation,true,ESTIMATED_GENERAL_PURPOSE_ZONE_MODEL
2021-05-04 00:00:00,Tunisia,Tunisia,TN,360.89,478.20,2.46,2.46,EMBER + Electricity Maps Estimation,true,ESTIMATED_GENERAL_PURPOSE_ZONE_MODEL
2021-05-05 00:00:00,Tunisia,Tunisia,TN,360.72,477.99,2.51,2.51,EMBER + Electricity Maps Estimation,true,ESTIMATED_GENERAL_PURPOSE_ZONE_MODEL
2021-05-06 00:00:00,Tunisia,Tunisia,TN,358.22,474.76,3.18,3.18,EMBER + Electricity Maps Estimation,true,ESTIMATED_GENERAL_PURPOSE_ZONE_MODEL
2021-05-07 00:00:00,Tunisia,Tunisia,TN,353.53,468.68,4.45,4.45,EMBER + Electricity Maps Estimation,true,ESTIMATED_GENERAL_PURPOSE_ZONE_MODEL
2021-05-08 00:00:00,Tunisia,Tunisia,TN,356.68,472.76,3.60,3.60,EMBER + Electricity Maps Estimation,true,ESTIMATED_GENERAL_PURPOSE_ZONE_MODEL
2021-05-09 00:00:00,Tunisia,Tunisia,TN,339.50,450.52,8.24,8.24,EMBER + Electricity Maps Estimation,true,ESTIMATED_GENERAL_PURPOSE_ZONE_MODEL
2021-05-10 00:00:00,Tunisia,Tunisia,TN,347.83,461.30,5.99,5.99,EMBER + Electricity Maps Estimation,true,ESTIMATED_GENERAL_PURPOSE_ZONE_MODEL
2021-05-11 00:00:00,Tunisia,Tunisia,TN,352.99,467.97,4.60,4.60,EMBER + Electricity Maps Estimation,true,ESTIMATED_GENERAL_PURPOSE_ZONE_MODEL
2021-05-12 00:00:00,Tunisia,Tunisia,TN,353.43,468.54,4.48,4.48,EMBER + Electricity Maps Estimation,true,ESTIMATED_GENERAL_PURPOSE_ZONE_MODEL
2021-05-13 00:00:00,Tunisia,Tunisia,TN,365.22,483.81,1.29,1.29,EMBER + Electricity Maps Estimation,true,ESTIMATED_GENERAL_PURPOSE_ZONE_MODEL
2021-05-14 00:00:00,Tunisia,Tunisia,TN,361.94,479.56,2.18,2.18,EMBER + Electricity Maps Estimation,true,ESTIMATED_GENERAL_PURPOSE_ZONE_MODEL
2021-05-15 00:00:00,Tunisia,Tunisia,TN,360.78,478.06,2.49,2.49,EMBER + Electricity Maps Estimation,true,ESTIMATED_GENERAL_PURPOSE_ZONE_MODEL
2021-05-16 00:00:00,Tunisia,Tunisia,TN,369.25,489.03,0.20,0.20,EMBER + Electricity Maps Estimation,true,ESTIMATED_GENERAL_PURPOSE_ZONE_MODEL
2021-05-17 00:00:00,Tunisia,Tunisia,TN,365.03,483.56,1.34,1.34,EMBER + Electricity Maps Estimation,true,ESTIMATED_GENERAL_PURPOSE_ZONE_MODEL
2021-05-18 00:00:00,Tunisia,Tunisia,TN,361.51,479.01,2.29,2.29,EMBER + Electricity Maps Estimation,true,ESTIMATED_GENERAL_PURPOSE_ZONE_MODEL
2021-05-19 00:00:00,Tunisia,Tunisia,TN,364.24,482.54,1.56,1.56,EMBER + Electricity Maps Estimation,true,ESTIMATED_GENERAL_PURPOSE_ZONE_MODEL
2021-05-20 00:00:00,Tunisia,Tunisia,TN,355.53,471.26,3.91,3.91,EMBER + Electricity Maps Estimation,true,ESTIMATED_GENERAL_PURPOSE_ZONE_MODEL
2021-05-21 00:00:00,Tunisia,Tunisia,TN,358.59,475.23,3.08,3.08,EMBER + Electricity Maps Estimation,true,ESTIMATED_GENERAL_PURPOSE_ZONE_MODEL
2021-05-22 00:00:00,Tunisia,Tunisia,TN,361.99,479.63,2.17,2.17,EMBER + Electricity Maps Estimation,true,ESTIMATED_GENERAL_PURPOSE_ZONE_MODEL
2021-05-23 00:00:00,Tunisia,Tunisia,TN,364.50,482.88,1.49,1.49,EMBER + Electricity Maps Estimation,true,ESTIMATED_GENERAL_PURPOSE_ZONE_MODEL
2021-05-24 00:00:00,Tunisia,Tunisia,TN,361.37,478.83,2.33,2.33,EMBER + Electricity Maps Estimation,true,ESTIMATED_GENERAL_PURPOSE_ZONE_MODEL
2021-05-25 00:00:00,Tunisia,Tunisia,TN,357.24,473.49,3.45,3.45,EMBER + Electricity Maps Estimation,true,ESTIMATED_GENERAL_PURPOSE_ZONE_MODEL
2021-05-26 00:00:00,Tunisia,Tunisia,TN,363.19,481.18,1.84,1.84,EMBER + Electricity Maps Estimation,true,ESTIMATED_GENERAL_PURPOSE_ZONE_MODEL
2021-05-27 00:00:00,Tunisia,Tunisia,TN,364.77,483.22,1.41,1.41,EMBER + Electricity Maps Estimation,true,ESTIMATED_GENERAL_PURPOSE_ZONE_MODEL
2021-05-28 00:00:00,Tunisia,Tunisia,TN,360.01,477.07,2.70,2.70,EMBER + Electricity Maps Estimation,true,ESTIMATED_GENERAL_PURPOSE_ZONE_MODEL
2021-05-29 00:00:00,Tunisia,Tunisia,TN,364.54,482.93,1.48,1.48,EMBER + Electricity Maps Estimation,true,ESTIMATED_GENERAL_PURPOSE_ZONE_MODEL
2021-05-30 00:00:00,Tunisia,Tunisia,TN,363.16,481.14,1.85,1.85,EMBER + Electricity Maps Estimation,true,ESTIMATED_GENERAL_PURPOSE_ZONE_MODEL
2021-05-31 00:00:00,Tunisia,Tunisia,TN,366.84,485.91,0.86,0.86,EMBER + Electricity Maps Estimation,true,ESTIMATED_GENERAL_PURPOSE_ZONE_MODEL
2021-06-01 00:00:00,Tunisia,Tunisia,TN,359.15,475.96,2.93,2.93,EMBER + Electricity Maps Estimation,true,ESTIMATED_GENERAL_PURPOSE_ZONE_MODEL
2021-06-02 00:00:00,Tunisia,Tunisia,TN,360.75,478.03,2.50,2.50,EMBER + Electricity Maps Estimation,true,ESTIMATED_GENERAL_PURPOSE_ZONE_MODEL
2021-06-03 00:00:00,Tunisia,Tunisia,TN,361.99,479.63,2.16,2.16,EMBER + Electricity Maps Estimation,true,ESTIMATED_GENERAL_PURPOSE_ZONE_MODEL
2021-06-04 00:00:00,Tunisia,Tunisia,TN,360.37,477.53,2.61,2.61,EMBER + Electricity Maps Estimation,true,ESTIMATED_GENERAL_PURPOSE_ZONE_MODEL
2021-06-05 00:00:00,Tunisia,Tunisia,TN,359.77,476.76,2.76,2.76,EMBER + Electricity Maps Estimation,true,ESTIMATED_GENERAL_PURPOSE_ZONE_MODEL
2021-06-06 00:00:00,Tunisia,Tunisia,TN,361.53,479.04,2.29,2.29,EMBER + Electricity Maps Estimation,true,ESTIMATED_GENERAL_PURPOSE_ZONE_MODEL
2021-06-07 00:00:00,Tunisia,Tunisia,TN,360.73,478.00,2.51,2.51,EMBER + Electricity Maps Estimation,true,ESTIMATED_GENERAL_PURPOSE_ZONE_MODEL
2021-06-08 00:00:00,Tunisia,Tunisia,TN,362.11,479.79,2.13,2.13,EMBER + Electricity Maps Estimation,true,ESTIMATED_GENERAL_PURPOSE_ZONE_MODEL
2021-06-09 00:00:00,Tunisia,Tunisia,TN,365.32,483.95,1.26,1.26,EMBER + Electricity Maps Estimation,true,ESTIMATED_GENERAL_PURPOSE_ZONE_MODEL
2021-06-10 00:00:00,Tunisia,Tunisia,TN,365.63,484.35,1.18,1.18,EMBER + Electricity Maps Estimation,true,ESTIMATED_GENERAL_PURPOSE_ZONE_MODEL
2021-06-11 00:00:00,Tunisia,Tunisia,TN,369.63,489.52,0.10,0.10,EMBER + Electricity Maps Estimation,true,ESTIMATED_GENERAL_PURPOSE_ZONE_MODEL
2021-06-12 00:00:00,Tunisia,Tunisia,TN,369.73,489.65,0.07,0.07,EMBER + Electricity Maps Estimation,true,ESTIMATED_GENERAL_PURPOSE_ZONE_MODEL
2021-06-13 00:00:00,Tunisia,Tunisia,TN,367.75,487.08,0.61,0.61,EMBER + Electricity Maps Estimation,true,ESTIMATED_GENERAL_PURPOSE_ZONE_MODEL
2021-06-14 00:00:00,Tunisia,Tunisia,TN,369.73,489.65,0.07,0.07,EMBER + Electricity Maps Estimation,true,ESTIMATED_GENERAL_PURPOSE_ZONE_MODEL
2021-06-15 00:00:00,Tunisia,Tunisia,TN,366.97,486.08,0.82,0.82,EMBER + Electricity Maps Estimation,true,ESTIMATED_GENERAL_PURPOSE_ZONE_MODEL
2021-06-16 00:00:00,Tunisia,Tunisia,TN,364.94,483.45,1.37,1.37,EMBER + Electricity Maps Estimation,true,ESTIMATED_GENERAL_PURPOSE_ZONE_MODEL
2021-06-17 00:00:00,Tunisia,Tunisia,TN,361.78,479.36,2.22,2.22,EMBER + Electricity Maps Estimation,true,ESTIMATED_GENERAL_PURPOSE_ZONE_MODEL
2021-06-18 00:00:00,Tunisia,Tunisia,TN,365.79,484.55,1.14,1.14,EMBER + Electricity Maps Estimation,true,ESTIMATED_GENERAL_PURPOSE_ZONE_MODEL
2021-06-19 00:00:00,Tunisia,Tunisia,TN,365.35,483.98,1.26,1.26,EMBER + Electricity Maps Estimation,true,ESTIMATED_GENERAL_PURPOSE_ZONE_MODEL
2021-06-20 00:00:00,Tunisia,Tunisia,TN,362.87,480.77,1.93,1.93,EMBER + Electricity Maps Estimation,true,ESTIMATED_GENERAL_PURPOSE_ZONE_MODEL
2021-06-21 00:00:00,Tunisia,Tunisia,TN,362.53,480.33,2.02,2.02,EMBER + Electricity Maps Estimation,true,ESTIMATED_GENERAL_PURPOSE_ZONE_MODEL
2021-06-22 00:00:00,Tunisia,Tunisia,TN,362.59,480.41,2.00,2.00,EMBER + Electricity Maps Estimation,true,ESTIMATED_GENERAL_PURPOSE_ZONE_MODEL
2021-06-23 00:00:00,Tunisia,Tunisia,TN,362.11,479.78,2.13,2.13,EMBER + Electricity Maps Estimation,true,ESTIMATED_GENERAL_PURPOSE_ZONE_MODEL
2021-06-24 00:00:00,Tunisia,Tunisia,TN,362.51,480.30,2.02,2.02,EMBER + Electricity Maps Estimation,true,ESTIMATED_GENERAL_PURPOSE_ZONE_MODEL
2021-06-25 00:00:00,Tunisia,Tunisia,TN,363.68,481.82,1.71,1.71,EMBER + Electricity Maps Estimation,true,ESTIMATED_GENERAL_PURPOSE_ZONE_MODEL
2021-06-26 00:00:00,Tunisia,Tunisia,TN,361.74,479.30,2.23,2.23,EMBER + Electricity Maps Estimation,true,ESTIMATED_GENERAL_PURPOSE_ZONE_MODEL
2021-06-27 00:00:00,Tunisia,Tunisia,TN,361.36,478.82,2.33,2.33,EMBER + Electricity Maps Estimation,true,ESTIMATED_GENERAL_PURPOSE_ZONE_MODEL
2021-06-28 00:00:00,Tunisia,Tunisia,TN,362.45,480.23,2.04,2.04,EMBER + Electricity Maps Estimation,true,ESTIMATED_GENERAL_PURPOSE_ZONE_MODEL
2021-06-29 00:00:00,Tunisia,Tunisia,TN,362.20,479.90,2.11,2.11,EMBER + Electricity Maps Estimation,true,ESTIMATED_GENERAL_PURPOSE_ZONE_MODEL
2021-06-30 00:00:00,Tunisia,Tunisia,TN,361.94,479.56,2.18,2.18,EMBER + Electricity Maps Estimation,true,ESTIMATED_GENERAL_PURPOSE_ZONE_MODEL
2021-07-01 00:00:00,Tunisia,Tunisia,TN,364.26,482.57,1.55,1.55,EMBER + Electricity Maps Estimation,true,ESTIMATED_GENERAL_PURPOSE_ZONE_MODEL
2021-07-02 00:00:00,Tunisia,Tunisia,TN,369.60,489.48,0.11,0.11,EMBER + Electricity Maps Estimation,true,ESTIMATED_GENERAL_PURPOSE_ZONE_MODEL
2021-07-03 00:00:00,Tunisia,Tunisia,TN,369.58,489.45,0.11,0.11,EMBER + Electricity Maps Estimation,true,ESTIMATED_GENERAL_PURPOSE_ZONE_MODEL
2021-07-04 00:00:00,Tunisia,Tunisia,TN,366.79,485.85,0.87,0.87,EMBER + Electricity Maps Estimation,true,ESTIMATED_GENERAL_PURPOSE_ZONE_MODEL
2021-07-05 00:00:00,Tunisia,Tunisia,TN,365.16,483.74,1.31,1.31,EMBER + Electricity Maps Estimation,true,ESTIMATED_GENERAL_PURPOSE_ZONE_MODEL
2021-07-06 00:00:00,Tunisia,Tunisia,TN,366.90,485.98,0.84,0.84,EMBER + Electricity Maps Estimation,true,ESTIMATED_GENERAL_PURPOSE_ZONE_MODEL
2021-07-07 00:00:00,Tunisia,Tunisia,TN,364.05,482.30,1.61,1.61,EMBER + Electricity Maps Estimation,true,ESTIMATED_GENERAL_PURPOSE_ZONE_MODEL
2021-07-08 00:00:00,Tunisia,Tunisia,TN,360.98,478.32,2.44,2.44,EMBER + Electricity Maps Estimation,true,ESTIMATED_GENERAL_PURPOSE_ZONE_MODEL
2021-07-09 00:00:00,Tunisia,Tunisia,TN,366.19,485.07,1.03,1.03,EMBER + Electricity Maps Estimation,true,ESTIMATED_GENERAL_PURPOSE_ZONE_MODEL
2021-07-10 00:00:00,Tunisia,Tunisia,TN,369.51,489.36,0.13,0.13,EMBER + Electricity Maps Estimation,true,ESTIMATED_GENERAL_PURPOSE_ZONE_MODEL
2021-07-11 00:00:00,Tunisia,Tunisia,TN,364.07,482.32,1.60,1.60,EMBER + Electricity Maps Estimation,true,ESTIMATED_GENERAL_PURPOSE_ZONE_MODEL
2021-07-12 00:00:00,Tunisia,Tunisia,TN,366.23,485.12,1.02,1.02,EMBER + Electricity Maps Estimation,true,ESTIMATED_GENERAL_PURPOSE_ZONE_MODEL
2021-07-13 00:00:00,Tunisia,Tunisia,TN,360.70,477.96,2.51,2.51,EMBER + Electricity Maps Estimation,true,ESTIMATED_GENERAL_PURPOSE_ZONE_MODEL
2021-07-14 00:00:00,Tunisia,Tunisia,TN,360.45,477.64,2.58,2.58,EMBER + Electricity Maps Estimation,true,ESTIMATED_GENERAL_PURPOSE_ZONE_MODEL
2021-07-15 00:00:00,Tunisia,Tunisia,TN,363.88,482.08,1.65,1.65,EMBER + Electricity Maps Estimation,true,ESTIMATED_GENERAL_PURPOSE_ZONE_MODEL
2021-07-16 00:00:00,Tunisia,Tunisia,TN,360.76,478.04,2.50,2.50,EMBER + Electricity Maps Estimation,true,ESTIMATED_GENERAL_PURPOSE_ZONE_MODEL
2021-07-17 00:00:00,Tunisia,Tunisia,TN,357.36,473.64,3.42,3.42,EMBER + Electricity Maps Estimation,true,ESTIMATED_GENERAL_PURPOSE_ZONE_MODEL
2021-07-18 00:00:00,Tunisia,Tunisia,TN,357.21,473.45,3.46,3.46,EMBER + Electricity Maps Estimation,true,ESTIMATED_GENERAL_PURPOSE_ZONE_MODEL
2021-07-19 00:00:00,Tunisia,Tunisia,TN,362.82,480.70,1.94,1.94,EMBER + Electricity Maps Estimation,true,ESTIMATED_GENERAL_PURPOSE_ZONE_MODEL
2021-07-20 00:00:00,Tunisia,Tunisia,TN,365.74,484.48,1.15,1.15,EMBER + Electricity Maps Estimation,true,ESTIMATED_GENERAL_PURPOSE_ZONE_MODEL
2021-07-21 00:00:00,Tunisia,Tunisia,TN,367.21,486.38,0.75,0.75,EMBER + Electricity Maps Estimation,true,ESTIMATED_GENERAL_PURPOSE_ZONE_MODEL
2021-07-22 00:00:00,Tunisia,Tunisia,TN,366.96,486.06,0.82,0.82,EMBER + Electricity Maps Estimation,true,ESTIMATED_GENERAL_PURPOSE_ZONE_MODEL
2021-07-23 00:00:00,Tunisia,Tunisia,TN,367.44,486.68,0.69,0.69,EMBER + Electricity Maps Estimation,true,ESTIMATED_GENERAL_PURPOSE_ZONE_MODEL
2021-07-24 00:00:00,Tunisia,Tunisia,TN,365.81,484.58,1.13,1.13,EMBER + Electricity Maps Estimation,true,ESTIMATED_GENERAL_PURPOSE_ZONE_MODEL
2021-07-25 00:00:00,Tunisia,Tunisia,TN,361.75,479.31,2.23,2.23,EMBER + Electricity Maps Estimation,true,ESTIMATED_GENERAL_PURPOSE_ZONE_MODEL
2021-07-26 00:00:00,Tunisia,Tunisia,TN,360.64,477.88,2.53,2.53,EMBER + Electricity Maps Estimation,true,ESTIMATED_GENERAL_PURPOSE_ZONE_MODEL
2021-07-27 00:00:00,Tunisia,Tunisia,TN,362.89,480.80,1.92,1.92,EMBER + Electricity Maps Estimation,true,ESTIMATED_GENERAL_PURPOSE_ZONE_MODEL
2021-07-28 00:00:00,Tunisia,Tunisia,TN,364.58,482.99,1.47,1.47,EMBER + Electricity Maps Estimation,true,ESTIMATED_GENERAL_PURPOSE_ZONE_MODEL
2021-07-29 00:00:00,Tunisia,Tunisia,TN,365.96,484.76,1.09,1.09,EMBER + Electricity Maps Estimation,true,ESTIMATED_GENERAL_PURPOSE_ZONE_MODEL
2021-07-30 00:00:00,Tunisia,Tunisia,TN,369.22,488.99,0.21,0.21,EMBER + Electricity Maps Estimation,true,ESTIMATED_GENERAL_PURPOSE_ZONE_MODEL
2021-07-31 00:00:00,Tunisia,Tunisia,TN,368.07,487.50,0.52,0.52,EMBER + Electricity Maps Estimation,true,ESTIMATED_GENERAL_PURPOSE_ZONE_MODEL
2021-08-01 00:00:00,Tunisia,Tunisia,TN,366.01,484.83,1.08,1.08,EMBER + Electricity Maps Estimation,true,ESTIMATED_GENERAL_PURPOSE_ZONE_MODEL
2021-08-02 00:00:00,Tunisia,Tunisia,TN,360.95,478.29,2.45,2.45,EMBER + Electricity Maps Estimation,true,ESTIMATED_GENERAL_PURPOSE_ZONE_MODEL
2021-08-03 00:00:00,Tunisia,Tunisia,TN,361.13,478.52,2.40,2.40,EMBER + Electricity Maps Estimation,true,ESTIMATED_GENERAL_PURPOSE_ZONE_MODEL
2021-08-04 00:00:00,Tunisia,Tunisia,TN,361.28,478.72,2.36,2.36,EMBER + Electricity Maps Estimation,true,ESTIMATED_GENERAL_PURPOSE_ZONE_MODEL
2021-08-05 00:00:00,Tunisia,Tunisia,TN,365.70,484.43,1.16,1.16,EMBER + Electricity Maps Estimation,true,ESTIMATED_GENERAL_PURPOSE_ZONE_MODEL
2021-08-06 00:00:00,Tunisia,Tunisia,TN,369.37,489.19,0.17,0.17,EMBER + Electricity Maps Estimation,true,ESTIMATED_GENERAL_PURPOSE_ZONE_MODEL
2021-08-07 00:00:00,Tunisia,Tunisia,TN,362.86,480.76,1.93,1.93,EMBER + Electricity Maps Estimation,true,ESTIMATED_GENERAL_PURPOSE_ZONE_MODEL
2021-08-08 00:00:00,Tunisia,Tunisia,TN,366.72,485.75,0.89,0.89,EMBER + Electricity Maps Estimation,true,ESTIMATED_GENERAL_PURPOSE_ZONE_MODEL
2021-08-09 00:00:00,Tunisia,Tunisia,TN,361.45,478.93,2.31,2.31,EMBER + Electricity Maps Estimation,true,ESTIMATED_GENERAL_PURPOSE_ZONE_MODEL
2021-08-10 00:00:00,Tunisia,Tunisia,TN,361.70,479.25,2.24,2.24,EMBER + Electricity Maps Estimation,true,ESTIMATED_GENERAL_PURPOSE_ZONE_MODEL
2021-08-11 00:00:00,Tunisia,Tunisia,TN,367.96,487.36,0.55,0.55,EMBER + Electricity Maps Estimation,true,ESTIMATED_GENERAL_PURPOSE_ZONE_MODEL
2021-08-12 00:00:00,Tunisia,Tunisia,TN,369.27,489.05,0.20,0.20,EMBER + Electricity Maps Estimation,true,ESTIMATED_GENERAL_PURPOSE_ZONE_MODEL
2021-08-13 00:00:00,Tunisia,Tunisia,TN,366.59,485.59,0.92,0.92,EMBER + Electricity Maps Estimation,true,ESTIMATED_GENERAL_PURPOSE_ZONE_MODEL
2021-08-14 00:00:00,Tunisia,Tunisia,TN,367.25,486.43,0.74,0.74,EMBER + Electricity Maps Estimation,true,ESTIMATED_GENERAL_PURPOSE_ZONE_MODEL
2021-08-15 00:00:00,Tunisia,Tunisia,TN,368.98,488.68,0.27,0.27,EMBER + Electricity Maps Estimation,true,ESTIMATED_GENERAL_PURPOSE_ZONE_MODEL
2021-08-16 00:00:00,Tunisia,Tunisia,TN,369.73,489.65,0.07,0.07,EMBER + Electricity Maps Estimation,true,ESTIMATED_GENERAL_PURPOSE_ZONE_MODEL
2021-08-17 00:00:00,Tunisia,Tunisia,TN,367.76,487.09,0.61,0.61,EMBER + Electricity Maps Estimation,true,ESTIMATED_GENERAL_PURPOSE_ZONE_MODEL
2021-08-18 00:00:00,Tunisia,Tunisia,TN,367.68,486.99,0.63,0.63,EMBER + Electricity Maps Estimation,true,ESTIMATED_GENERAL_PURPOSE_ZONE_MODEL
2021-08-19 00:00:00,Tunisia,Tunisia,TN,367.73,487.06,0.61,0.61,EMBER + Electricity Maps Estimation,true,ESTIMATED_GENERAL_PURPOSE_ZONE_MODEL
2021-08-20 00:00:00,Tunisia,Tunisia,TN,368.67,488.28,0.36,0.36,EMBER + Electricity Maps Estimation,true,ESTIMATED_GENERAL_PURPOSE_ZONE_MODEL
2021-08-21 00:00:00,Tunisia,Tunisia,TN,367.06,486.20,0.79,0.79,EMBER + Electricity Maps Estimation,true,ESTIMATED_GENERAL_PURPOSE_ZONE_MODEL
2021-08-22 00:00:00,Tunisia,Tunisia,TN,366.02,484.85,1.08,1.08,EMBER + Electricity Maps Estimation,true,ESTIMATED_GENERAL_PURPOSE_ZONE_MODEL
2021-08-23 00:00:00,Tunisia,Tunisia,TN,368.77,488.41,0.33,0.33,EMBER + Electricity Maps Estimation,true,ESTIMATED_GENERAL_PURPOSE_ZONE_MODEL
2021-08-24 00:00:00,Tunisia,Tunisia,TN,367.84,487.20,0.58,0.58,EMBER + Electricity Maps Estimation,true,ESTIMATED_GENERAL_PURPOSE_ZONE_MODEL
2021-08-25 00:00:00,Tunisia,Tunisia,TN,367.84,487.21,0.58,0.58,EMBER + Electricity Maps Estimation,true,ESTIMATED_GENERAL_PURPOSE_ZONE_MODEL
2021-08-26 00:00:00,Tunisia,Tunisia,TN,369.07,488.80,0.25,0.25,EMBER + Electricity Maps Estimation,true,ESTIMATED_GENERAL_PURPOSE_ZONE_MODEL
2021-08-27 00:00:00,Tunisia,Tunisia,TN,369.65,489.54,0.10,0.10,EMBER + Electricity Maps Estimation,true,ESTIMATED_GENERAL_PURPOSE_ZONE_MODEL
2021-08-28 00:00:00,Tunisia,Tunisia,TN,369.40,489.23,0.16,0.16,EMBER + Electricity Maps Estimation,true,ESTIMATED_GENERAL_PURPOSE_ZONE_MODEL
2021-08-29 00:00:00,Tunisia,Tunisia,TN,365.70,484.43,1.16,1.16,EMBER + Electricity Maps Estimation,true,ESTIMATED_GENERAL_PURPOSE_ZONE_MODEL
2021-08-30 00:00:00,Tunisia,Tunisia,TN,367.88,487.26,0.57,0.57,EMBER + Electricity Maps Estimation,true,ESTIMATED_GENERAL_PURPOSE_ZONE_MODEL
2021-08-31 00:00:00,Tunisia,Tunisia,TN,366.94,486.03,0.83,0.83,EMBER + Electricity Maps Estimation,true,ESTIMATED_GENERAL_PURPOSE_ZONE_MODEL
2021-09-01 00:00:00,Tunisia,Tunisia,TN,358.54,475.17,3.09,3.09,EMBER + Electricity Maps Estimation,true,ESTIMATED_GENERAL_PURPOSE_ZONE_MODEL
2021-09-02 00:00:00,Tunisia,Tunisia,TN,357.02,473.20,3.51,3.51,EMBER + Electricity Maps Estimation,true,ESTIMATED_GENERAL_PURPOSE_ZONE_MODEL
2021-09-03 00:00:00,Tunisia,Tunisia,TN,360.83,478.12,2.48,2.48,EMBER + Electricity Maps Estimation,true,ESTIMATED_GENERAL_PURPOSE_ZONE_MODEL
2021-09-04 00:00:00,Tunisia,Tunisia,TN,367.93,487.32,0.56,0.56,EMBER + Electricity Maps Estimation,true,ESTIMATED_GENERAL_PURPOSE_ZONE_MODEL
2021-09-05 00:00:00,Tunisia,Tunisia,TN,365.17,483.75,1.30,1.30,EMBER + Electricity Maps Estimation,true,ESTIMATED_GENERAL_PURPOSE_ZONE_MODEL
2021-09-06 00:00:00,Tunisia,Tunisia,TN,359.33,476.19,2.88,2.88,EMBER + Electricity Maps Estimation,true,ESTIMATED_GENERAL_PURPOSE_ZONE_MODEL
2021-09-07 00:00:00,Tunisia,Tunisia,TN,364.15,482.42,1.58,1.58,EMBER + Electricity Maps Estimation,true,ESTIMATED_GENERAL_PURPOSE_ZONE_MODEL
2021-09-08 00:00:00,Tunisia,Tunisia,TN,366.32,485.23,0.99,0.99,EMBER + Electricity Maps Estimation,true,ESTIMATED_GENERAL_PURPOSE_ZONE_MODEL
2021-09-09 00:00:00,Tunisia,Tunisia,TN,362.59,480.41,2.00,2.00,EMBER + Electricity Maps Estimation,true,ESTIMATED_GENERAL_PURPOSE_ZONE_MODEL
2021-09-10 00:00:00,Tunisia,Tunisia,TN,359.03,475.80,2.97,2.97,EMBER + Electricity Maps Estimation,true,ESTIMATED_GENERAL_PURPOSE_ZONE_MODEL
2021-09-11 00:00:00,Tunisia,Tunisia,TN,356.44,472.44,3.67,3.67,EMBER + Electricity Maps Estimation,true,ESTIMATED_GENERAL_PURPOSE_ZONE_MODEL
2021-09-12 00:00:00,Tunisia,Tunisia,TN,366.30,485.21,1.00,1.00,EMBER + Electricity Maps Estimation,true,ESTIMATED_GENERAL_PURPOSE_ZONE_MODEL
2021-09-13 00:00:00,Tunisia,Tunisia,TN,369.09,488.82,0.25,0.25,EMBER + Electricity Maps Estimation,true,ESTIMATED_GENERAL_PURPOSE_ZONE_MODEL
2021-09-14 00:00:00,Tunisia,Tunisia,TN,366.43,485.37,0.97,0.97,EMBER + Electricity Maps Estimation,true,ESTIMATED_GENERAL_PURPOSE_ZONE_MODEL
2021-09-15 00:00:00,Tunisia,Tunisia,TN,364.91,483.41,1.38,1.38,EMBER + Electricity Maps Estimation,true,ESTIMATED_GENERAL_PURPOSE_ZONE_MODEL
2021-09-16 00:00:00,Tunisia,Tunisia,TN,359.26,476.10,2.90,2.90,EMBER + Electricity Maps Estimation,true,ESTIMATED_GENERAL_PURPOSE_ZONE_MODEL
2021-09-17 00:00:00,Tunisia,Tunisia,TN,361.52,479.03,2.29,2.29,EMBER + Electricity Maps Estimation,true,ESTIMATED_GENERAL_PURPOSE_ZONE_MODEL
2021-09-18 00:00:00,Tunisia,Tunisia,TN,364.72,483.17,1.43,1.43,EMBER + Electricity Maps Estimation,true,ESTIMATED_GENERAL_PURPOSE_ZONE_MODEL
2021-09-19 00:00:00,Tunisia,Tunisia,TN,369.32,489.12,0.18,0.18,EMBER + Electricity Maps Estimation,true,ESTIMATED_GENERAL_PURPOSE_ZONE_MODEL
2021-09-20 00:00:00,Tunisia,Tunisia,TN,363.63,481.75,1.72,1.72,EMBER + Electricity Maps Estimation,true,ESTIMATED_GENERAL_PURPOSE_ZONE_MODEL
2021-09-21 00:00:00,Tunisia,Tunisia,TN,359.49,476.40,2.84,2.84,EMBER + Electricity Maps Estimation,true,ESTIMATED_GENERAL_PURPOSE_ZONE_MODEL
2021-09-22 00:00:00,Tunisia,Tunisia,TN,363.57,481.67,1.74,1.74,EMBER + Electricity Maps Estimation,true,ESTIMATED_GENERAL_PURPOSE_ZONE_MODEL
2021-09-23 00:00:00,Tunisia,Tunisia,TN,365.88,484.67,1.11,1.11,EMBER + Electricity Maps Estimation,true,ESTIMATED_GENERAL_PURPOSE_ZONE_MODEL
2021-09-24 00:00:00,Tunisia,Tunisia,TN,362.55,480.35,2.01,2.01,EMBER + Electricity Maps Estimation,true,ESTIMATED_GENERAL_PURPOSE_ZONE_MODEL
2021-09-25 00:00:00,Tunisia,Tunisia,TN,369.41,489.24,0.16,0.16,EMBER + Electricity Maps Estimation,true,ESTIMATED_GENERAL_PURPOSE_ZONE_MODEL
2021-09-26 00:00:00,Tunisia,Tunisia,TN,366.07,484.91,1.06,1.06,EMBER + Electricity Maps Estimation,true,ESTIMATED_GENERAL_PURPOSE_ZONE_MODEL
2021-09-27 00:00:00,Tunisia,Tunisia,TN,369.53,489.40,0.12,0.12,EMBER + Electricity Maps Estimation,true,ESTIMATED_GENERAL_PURPOSE_ZONE_MODEL
2021-09-28 00:00:00,Tunisia,Tunisia,TN,367.42,486.66,0.70,0.70,EMBER + Electricity Maps Estimation,true,ESTIMATED_GENERAL_PURPOSE_ZONE_MODEL
2021-09-29 00:00:00,Tunisia,Tunisia,TN,365.55,484.24,1.20,1.20,EMBER + Electricity Maps Estimation,true,ESTIMATED_GENERAL_PURPOSE_ZONE_MODEL
2021-09-30 00:00:00,Tunisia,Tunisia,TN,360.28,477.41,2.63,2.63,EMBER + Electricity Maps Estimation,true,ESTIMATED_GENERAL_PURPOSE_ZONE_MODEL
2021-10-01 00:00:00,Tunisia,Tunisia,TN,368.61,488.20,0.37,0.37,EMBER + Electricity Maps Estimation,true,ESTIMATED_GENERAL_PURPOSE_ZONE_MODEL
2021-10-02 00:00:00,Tunisia,Tunisia,TN,361.08,478.45,2.41,2.41,EMBER + Electricity Maps Estimation,true,ESTIMATED_GENERAL_PURPOSE_ZONE_MODEL
2021-10-03 00:00:00,Tunisia,Tunisia,TN,360.48,477.67,2.57,2.57,EMBER + Electricity Maps Estimation,true,ESTIMATED_GENERAL_PURPOSE_ZONE_MODEL
2021-10-04 00:00:00,Tunisia,Tunisia,TN,355.87,471.71,3.82,3.82,EMBER + Electricity Maps Estimation,true,ESTIMATED_GENERAL_PURPOSE_ZONE_MODEL
2021-10-05 00:00:00,Tunisia,Tunisia,TN,360.80,478.09,2.49,2.49,EMBER + Electricity Maps Estimation,true,ESTIMATED_GENERAL_PURPOSE_ZONE_MODEL
2021-10-06 00:00:00,Tunisia,Tunisia,TN,358.48,475.09,3.11,3.11,EMBER + Electricity Maps Estimation,true,ESTIMATED_GENERAL_PURPOSE_ZONE_MODEL
2021-10-07 00:00:00,Tunisia,Tunisia,TN,356.64,472.71,3.61,3.61,EMBER + Electricity Maps Estimation,true,ESTIMATED_GENERAL_PURPOSE_ZONE_MODEL
2021-10-08 00:00:00,Tunisia,Tunisia,TN,358.32,474.88,3.16,3.16,EMBER + Electricity Maps Estimation,true,ESTIMATED_GENERAL_PURPOSE_ZONE_MODEL
2021-10-09 00:00:00,Tunisia,Tunisia,TN,357.29,473.55,3.44,3.44,EMBER + Electricity Maps Estimation,true,ESTIMATED_GENERAL_PURPOSE_ZONE_MODEL
2021-10-10 00:00:00,Tunisia,Tunisia,TN,353.02,468.01,4.59,4.59,EMBER + Electricity Maps Estimation,true,ESTIMATED_GENERAL_PURPOSE_ZONE_MODEL
2021-10-11 00:00:00,Tunisia,Tunisia,TN,363.21,481.21,1.84,1.84,EMBER + Electricity Maps Estimation,true,ESTIMATED_GENERAL_PURPOSE_ZONE_MODEL
2021-10-12 00:00:00,Tunisia,Tunisia,TN,369.44,489.28,0.15,0.15,EMBER + Electricity Maps Estimation,true,ESTIMATED_GENERAL_PURPOSE_ZONE_MODEL
2021-10-13 00:00:00,Tunisia,Tunisia,TN,361.47,478.96,2.30,2.30,EMBER + Electricity Maps Estimation,true,ESTIMATED_GENERAL_PURPOSE_ZONE_MODEL
2021-10-14 00:00:00,Tunisia,Tunisia,TN,356.60,472.65,3.62,3.62,EMBER + Electricity Maps Estimation,true,ESTIMATED_GENERAL_PURPOSE_ZONE_MODEL
2021-10-15 00:00:00,Tunisia,Tunisia,TN,357.18,473.40,3.47,3.47,EMBER + Electricity Maps Estimation,true,ESTIMATED_GENERAL_PURPOSE_ZONE_MODEL
2021-10-16 00:00:00,Tunisia,Tunisia,TN,368.98,488.68,0.28,0.28,EMBER + Electricity Maps Estimation,true,ESTIMATED_GENERAL_PURPOSE_ZONE_MODEL
2021-10-17 00:00:00,Tunisia,Tunisia,TN,366.65,485.66,0.90,0.90,EMBER + Electricity Maps Estimation,true,ESTIMATED_GENERAL_PURPOSE_ZONE_MODEL
2021-10-18 00:00:00,Tunisia,Tunisia,TN,361.76,479.34,2.23,2.23,EMBER + Electricity Maps Estimation,true,ESTIMATED_GENERAL_PURPOSE_ZONE_MODEL
2021-10-19 00:00:00,Tunisia,Tunisia,TN,360.43,477.61,2.59,2.59,EMBER + Electricity Maps Estimation,true,ESTIMATED_GENERAL_PURPOSE_ZONE_MODEL
2021-10-20 00:00:00,Tunisia,Tunisia,TN,360.46,477.65,2.58,2.58,EMBER + Electricity Maps Estimation,true,ESTIMATED_GENERAL_PURPOSE_ZONE_MODEL
2021-10-21 00:00:00,Tunisia,Tunisia,TN,361.31,478.75,2.35,2.35,EMBER + Electricity Maps Estimation,true,ESTIMATED_GENERAL_PURPOSE_ZONE_MODEL
2021-10-22 00:00:00,Tunisia,Tunisia,TN,368.72,488.34,0.35,0.35,EMBER + Electricity Maps Estimation,true,ESTIMATED_GENERAL_PURPOSE_ZONE_MODEL
2021-10-23 00:00:00,Tunisia,Tunisia,TN,366.75,485.79,0.88,0.88,EMBER + Electricity Maps Estimation,true,ESTIMATED_GENERAL_PURPOSE_ZONE_MODEL
2021-10-24 00:00:00,Tunisia,Tunisia,TN,358.63,475.28,3.07,3.07,EMBER + Electricity Maps Estimation,true,ESTIMATED_GENERAL_PURPOSE_ZONE_MODEL
2021-10-25 00:00:00,Tunisia,Tunisia,TN,360.83,478.13,2.48,2.48,EMBER + Electricity Maps Estimation,true,ESTIMATED_GENERAL_PURPOSE_ZONE_MODEL
2021-10-26 00:00:00,Tunisia,Tunisia,TN,361.62,479.15,2.26,2.26,EMBER + Electricity Maps Estimation,true,ESTIMATED_GENERAL_PURPOSE_ZONE_MODEL
2021-10-27 00:00:00,Tunisia,Tunisia,TN,362.02,479.66,2.16,2.16,EMBER + Electricity Maps Estimation,true,ESTIMATED_GENERAL_PURPOSE_ZONE_MODEL
2021-10-28 00:00:00,Tunisia,Tunisia,TN,361.98,479.62,2.17,2.17,EMBER + Electricity Maps Estimation,true,ESTIMATED_GENERAL_PURPOSE_ZONE_MODEL
2021-10-29 00:00:00,Tunisia,Tunisia,TN,367.58,486.87,0.65,0.65,EMBER + Electricity Maps Estimation,true,ESTIMATED_GENERAL_PURPOSE_ZONE_MODEL
2021-10-30 00:00:00,Tunisia,Tunisia,TN,369.44,489.28,0.15,0.15,EMBER + Electricity Maps Estimation,true,ESTIMATED_GENERAL_PURPOSE_ZONE_MODEL
2021-10-31 00:00:00,Tunisia,Tunisia,TN,363.35,481.40,1.80,1.80,EMBER + Electricity Maps Estimation,true,ESTIMATED_GENERAL_PURPOSE_ZONE_MODEL
2021-11-01 00:00:00,Tunisia,Tunisia,TN,362.06,479.72,2.15,2.15,EMBER + Electricity Maps Estimation,true,ESTIMATED_GENERAL_PURPOSE_ZONE_MODEL
2021-11-02 00:00:00,Tunisia,Tunisia,TN,368.19,487.66,0.49,0.49,EMBER + Electricity Maps Estimation,true,ESTIMATED_GENERAL_PURPOSE_ZONE_MODEL
2021-11-03 00:00:00,Tunisia,Tunisia,TN,362.77,480.64,1.96,1.96,EMBER + Electricity Maps Estimation,true,ESTIMATED_GENERAL_PURPOSE_ZONE_MODEL
2021-11-04 00:00:00,Tunisia,Tunisia,TN,364.10,482.36,1.59,1.59,EMBER + Electricity Maps Estimation,true,ESTIMATED_GENERAL_PURPOSE_ZONE_MODEL
2021-11-05 00:00:00,Tunisia,Tunisia,TN,368.95,488.64,0.28,0.28,EMBER + Electricity Maps Estimation,true,ESTIMATED_GENERAL_PURPOSE_ZONE_MODEL
2021-11-06 00:00:00,Tunisia,Tunisia,TN,361.22,478.63,2.37,2.37,EMBER + Electricity Maps Estimation,true,ESTIMATED_GENERAL_PURPOSE_ZONE_MODEL
2021-11-07 00:00:00,Tunisia,Tunisia,TN,369.14,488.89,0.23,0.23,EMBER + Electricity Maps Estimation,true,ESTIMATED_GENERAL_PURPOSE_ZONE_MODEL
2021-11-08 00:00:00,Tunisia,Tunisia,TN,364.42,482.77,1.51,1.51,EMBER + Electricity Maps Estimation,true,ESTIMATED_GENERAL_PURPOSE_ZONE_MODEL
2021-11-09 00:00:00,Tunisia,Tunisia,TN,364.55,482.94,1.47,1.47,EMBER + Electricity Maps Estimation,true,ESTIMATED_GENERAL_PURPOSE_ZONE_MODEL
2021-11-10 00:00:00,Tunisia,Tunisia,TN,366.41,485.36,0.97,0.97,EMBER + Electricity Maps Estimation,true,ESTIMATED_GENERAL_PURPOSE_ZONE_MODEL
2021-11-11 00:00:00,Tunisia,Tunisia,TN,366.15,485.02,1.04,1.04,EMBER + Electricity Maps Estimation,true,ESTIMATED_GENERAL_PURPOSE_ZONE_MODEL
2021-11-12 00:00:00,Tunisia,Tunisia,TN,368.03,487.46,0.53,0.53,EMBER + Electricity Maps Estimation,true,ESTIMATED_GENERAL_PURPOSE_ZONE_MODEL
2021-11-13 00:00:00,Tunisia,Tunisia,TN,365.23,483.82,1.29,1.29,EMBER + Electricity Maps Estimation,true,ESTIMATED_GENERAL_PURPOSE_ZONE_MODEL
2021-11-14 00:00:00,Tunisia,Tunisia,TN,361.25,478.68,2.36,2.36,EMBER + Electricity Maps Estimation,true,ESTIMATED_GENERAL_PURPOSE_ZONE_MODEL
2021-11-15 00:00:00,Tunisia,Tunisia,TN,363.49,481.57,1.76,1.76,EMBER + Electricity Maps Estimation,true,ESTIMATED_GENERAL_PURPOSE_ZONE_MODEL
2021-11-16 00:00:00,Tunisia,Tunisia,TN,363.40,481.46,1.78,1.78,EMBER + Electricity Maps Estimation,true,ESTIMATED_GENERAL_PURPOSE_ZONE_MODEL
2021-11-17 00:00:00,Tunisia,Tunisia,TN,363.64,481.76,1.72,1.72,EMBER + Electricity Maps Estimation,true,ESTIMATED_GENERAL_PURPOSE_ZONE_MODEL
2021-11-18 00:00:00,Tunisia,Tunisia,TN,363.58,481.69,1.73,1.73,EMBER + Electricity Maps Estimation,true,ESTIMATED_GENERAL_PURPOSE_ZONE_MODEL
2021-11-19 00:00:00,Tunisia,Tunisia,TN,362.71,480.56,1.97,1.97,EMBER + Electricity Maps Estimation,true,ESTIMATED_GENERAL_PURPOSE_ZONE_MODEL
2021-11-20 00:00:00,Tunisia,Tunisia,TN,368.05,487.48,0.53,0.53,EMBER + Electricity Maps Estimation,true,ESTIMATED_GENERAL_PURPOSE_ZONE_MODEL
2021-11-21 00:00:00,Tunisia,Tunisia,TN,367.39,486.63,0.70,0.70,EMBER + Electricity Maps Estimation,true,ESTIMATED_GENERAL_PURPOSE_ZONE_MODEL
2021-11-22 00:00:00,Tunisia,Tunisia,TN,364.06,482.31,1.61,1.61,EMBER + Electricity Maps Estimation,true,ESTIMATED_GENERAL_PURPOSE_ZONE_MODEL
2021-11-23 00:00:00,Tunisia,Tunisia,TN,368.29,487.79,0.46,0.46,EMBER + Electricity Maps Estimation,true,ESTIMATED_GENERAL_PURPOSE_ZONE_MODEL
2021-11-24 00:00:00,Tunisia,Tunisia,TN,368.31,487.81,0.46,0.46,EMBER + Electricity Maps Estimation,true,ESTIMATED_GENERAL_PURPOSE_ZONE_MODEL
2021-11-25 00:00:00,Tunisia,Tunisia,TN,363.73,481.89,1.69,1.69,EMBER + Electricity Maps Estimation,true,ESTIMATED_GENERAL_PURPOSE_ZONE_MODEL
2021-11-26 00:00:00,Tunisia,Tunisia,TN,362.55,480.35,2.01,2.01,EMBER + Electricity Maps Estimation,true,ESTIMATED_GENERAL_PURPOSE_ZONE_MODEL
2021-11-27 00:00:00,Tunisia,Tunisia,TN,360.40,477.57,2.60,2.60,EMBER + Electricity Maps Estimation,true,ESTIMATED_GENERAL_PURPOSE_ZONE_MODEL
2021-11-28 00:00:00,Tunisia,Tunisia,TN,359.23,476.05,2.91,2.91,EMBER + Electricity Maps Estimation,true,ESTIMATED_GENERAL_PURPOSE_ZONE_MODEL
2021-11-29 00:00:00,Tunisia,Tunisia,TN,361.97,479.60,2.17,2.17,EMBER + Electricity Maps Estimation,true,ESTIMATED_GENERAL_PURPOSE_ZONE_MODEL
2021-11-30 00:00:00,Tunisia,Tunisia,TN,368.80,488.45,0.32,0.32,EMBER + Electricity Maps Estimation,true,ESTIMATED_GENERAL_PURPOSE_ZONE_MODEL
2021-12-01 00:00:00,Tunisia,Tunisia,TN,368.62,488.21,0.37,0.37,EMBER + Electricity Maps Estimation,true,ESTIMATED_GENERAL_PURPOSE_ZONE_MODEL
2021-12-02 00:00:00,Tunisia,Tunisia,TN,355.83,471.66,3.83,3.83,EMBER + Electricity Maps Estimation,true,ESTIMATED_GENERAL_PURPOSE_ZONE_MODEL
2021-12-03 00:00:00,Tunisia,Tunisia,TN,354.13,469.45,4.29,4.29,EMBER + Electricity Maps Estimation,true,ESTIMATED_GENERAL_PURPOSE_ZONE_MODEL
2021-12-04 00:00:00,Tunisia,Tunisia,TN,356.66,472.73,3.61,3.61,EMBER + Electricity Maps Estimation,true,ESTIMATED_GENERAL_PURPOSE_ZONE_MODEL
2021-12-05 00:00:00,Tunisia,Tunisia,TN,349.99,464.10,5.41,5.41,EMBER + Electricity Maps Estimation,true,ESTIMATED_GENERAL_PURPOSE_ZONE_MODEL
2021-12-06 00:00:00,Tunisia,Tunisia,TN,351.69,466.29,4.95,4.95,EMBER + Electricity Maps Estimation,true,ESTIMATED_GENERAL_PURPOSE_ZONE_MODEL
2021-12-07 00:00:00,Tunisia,Tunisia,TN,355.25,470.91,3.99,3.99,EMBER + Electricity Maps Estimation,true,ESTIMATED_GENERAL_PURPOSE_ZONE_MODEL
2021-12-08 00:00:00,Tunisia,Tunisia,TN,352.15,466.89,4.82,4.82,EMBER + Electricity Maps Estimation,true,ESTIMATED_GENERAL_PURPOSE_ZONE_MODEL
2021-12-09 00:00:00,Tunisia,Tunisia,TN,351.02,465.43,5.13,5.13,EMBER + Electricity Maps Estimation,true,ESTIMATED_GENERAL_PURPOSE_ZONE_MODEL
2021-12-10 00:00:00,Tunisia,Tunisia,TN,350.64,464.93,5.23,5.23,EMBER + Electricity Maps Estimation,true,ESTIMATED_GENERAL_PURPOSE_ZONE_MODEL
2021-12-11 00:00:00,Tunisia,Tunisia,TN,344.05,456.41,7.01,7.01,EMBER + Electricity Maps Estimation,true,ESTIMATED_GENERAL_PURPOSE_ZONE_MODEL
2021-12-12 00:00:00,Tunisia,Tunisia,TN,348.15,461.71,5.91,5.91,EMBER + Electricity Maps Estimation,true,ESTIMATED_GENERAL_PURPOSE_ZONE_MODEL
2021-12-13 00:00:00,Tunisia,Tunisia,TN,367.98,487.38,0.55,0.55,EMBER + Electricity Maps Estimation,true,ESTIMATED_GENERAL_PURPOSE_ZONE_MODEL
2021-12-14 00:00:00,Tunisia,Tunisia,TN,368.81,488.46,0.32,0.32,EMBER + Electricity Maps Estimation,true,ESTIMATED_GENERAL_PURPOSE_ZONE_MODEL
2021-12-15 00:00:00,Tunisia,Tunisia,TN,369.24,489.02,0.20,0.20,EMBER + Electricity Maps Estimation,true,ESTIMATED_GENERAL_PURPOSE_ZONE_MODEL
2021-12-16 00:00:00,Tunisia,Tunisia,TN,368.30,487.80,0.46,0.46,EMBER + Electricity Maps Estimation,true,ESTIMATED_GENERAL_PURPOSE_ZONE_MODEL
2021-12-17 00:00:00,Tunisia,Tunisia,TN,369.27,489.05,0.20,0.20,EMBER + Electricity Maps Estimation,true,ESTIMATED_GENERAL_PURPOSE_ZONE_MODEL
2021-12-18 00:00:00,Tunisia,Tunisia,TN,368.75,488.39,0.34,0.34,EMBER + Electricity Maps Estimation,true,ESTIMATED_GENERAL_PURPOSE_ZONE_MODEL
2021-12-19 00:00:00,Tunisia,Tunisia,TN,368.66,488.26,0.36,0.36,EMBER + Electricity Maps Estimation,true,ESTIMATED_GENERAL_PURPOSE_ZONE_MODEL
2021-12-20 00:00:00,Tunisia,Tunisia,TN,368.22,487.70,0.48,0.48,EMBER + Electricity Maps Estimation,true,ESTIMATED_GENERAL_PURPOSE_ZONE_MODEL
2021-12-21 00:00:00,Tunisia,Tunisia,TN,369.10,488.83,0.24,0.24,EMBER + Electricity Maps Estimation,true,ESTIMATED_GENERAL_PURPOSE_ZONE_MODEL
2021-12-22 00:00:00,Tunisia,Tunisia,TN,368.73,488.35,0.34,0.34,EMBER + Electricity Maps Estimation,true,ESTIMATED_GENERAL_PURPOSE_ZONE_MODEL
2021-12-23 00:00:00,Tunisia,Tunisia,TN,368.65,488.25,0.36,0.36,EMBER + Electricity Maps Estimation,true,ESTIMATED_GENERAL_PURPOSE_ZONE_MODEL
2021-12-24 00:00:00,Tunisia,Tunisia,TN,368.41,487.95,0.43,0.43,EMBER + Electricity Maps Estimation,true,ESTIMATED_GENERAL_PURPOSE_ZONE_MODEL
2021-12-25 00:00:00,Tunisia,Tunisia,TN,354.13,469.46,4.29,4.29,EMBER + Electricity Maps Estimation,true,ESTIMATED_GENERAL_PURPOSE_ZONE_MODEL
2021-12-26 00:00:00,Tunisia,Tunisia,TN,356.72,472.80,3.59,3.59,EMBER + Electricity Maps Estimation,true,ESTIMATED_GENERAL_PURPOSE_ZONE_MODEL
2021-12-27 00:00:00,Tunisia,Tunisia,TN,359.05,475.83,2.96,2.96,EMBER + Electricity Maps Estimation,true,ESTIMATED_GENERAL_PURPOSE_ZONE_MODEL
2021-12-28 00:00:00,Tunisia,Tunisia,TN,348.37,461.99,5.85,5.85,EMBER + Electricity Maps Estimation,true,ESTIMATED_GENERAL_PURPOSE_ZONE_MODEL
2021-12-29 00:00:00,Tunisia,Tunisia,TN,349.82,463.88,5.45,5.45,EMBER + Electricity Maps Estimation,true,ESTIMATED_GENERAL_PURPOSE_ZONE_MODEL
2021-12-30 00:00:00,Tunisia,Tunisia,TN,348.96,462.76,5.69,5.69,EMBER + Electricity Maps Estimation,true,ESTIMATED_GENERAL_PURPOSE_ZONE_MODEL
2021-12-31 00:00:00,Tunisia,Tunisia,TN,367.37,486.59,0.71,0.71,EMBER + Electricity Maps Estimation,true,ESTIMATED_GENERAL_PURPOSE_ZONE_MODEL
