Datetime (UTC),Country,Zone name,Zone id,Carbon intensity gCO₂eq/kWh (direct),Carbon intensity gCO₂eq/kWh (Life cycle),Carbon-free energy percentage (CFE%),Renewable energy percentage (RE%),Data source,Data estimated,Data estimation method
2023-01-01 00:00:00,Tunisia,Tunisia,TN,368.91,488.59,0.30,0.30,EMBER + Electricity Maps Estimation,true,ESTIMATED_GENERAL_PURPOSE_ZONE_MODEL
2023-01-02 00:00:00,Tunisia,Tunisia,TN,369.05,488.77,0.26,0.26,EMBER + Electricity Maps Estimation,true,ESTIMATED_GENERAL_PURPOSE_ZONE_MODEL
2023-01-03 00:00:00,Tunisia,Tunisia,TN,369.28,489.07,0.19,0.19,EMBER + Electricity Maps Estimation,true,ESTIMATED_GENERAL_PURPOSE_ZONE_MODEL
2023-01-04 00:00:00,Tunisia,Tunisia,TN,366.96,486.07,0.82,0.82,EMBER + Electricity Maps Estimation,true,ESTIMATED_GENERAL_PURPOSE_ZONE_MODEL
2023-01-05 00:00:00,Tunisia,Tunisia,TN,362.04,479.70,2.15,2.15,EMBER + Electricity Maps Estimation,true,ESTIMATED_GENERAL_PURPOSE_ZONE_MODEL
2023-01-06 00:00:00,Tunisia,Tunisia,TN,360.10,477.19,2.67,2.67,EMBER + Electricity Maps Estimation,true,ESTIMATED_GENERAL_PURPOSE_ZONE_MODEL
2023-01-07 00:00:00,Tunisia,Tunisia,TN,360.67,477.92,2.52,2.52,EMBER + Electricity Maps Estimation,true,ESTIMATED_GENERAL_PURPOSE_ZONE_MODEL
2023-01-08 00:00:00,Tunisia,Tunisia,TN,368.66,488.26,0.36,0.36,EMBER + Electricity Maps Estimation,true,ESTIMATED_GENERAL_PURPOSE_ZONE_MODEL
2023-01-09 00:00:00,Tunisia,Tunisia,TN,359.01,475.77,2.97,2.97,EMBER + Electricity Maps Estimation,true,ESTIMATED_GENERAL_PURPOSE_ZONE_MODEL
2023-01-10 00:00:00,Tunisia,Tunisia,TN,357.58,473.92,3.36,3.36,EMBER + Electricity Maps Estimation,true,ESTIMATED_GENERAL_PURPOSE_ZONE_MODEL
2023-01-11 00:00:00,Tunisia,Tunisia,TN,368.10,487.55,0.51,0.51,EMBER + Electricity Maps Estimation,true,ESTIMATED_GENERAL_PURPOSE_ZONE_MODEL
2023-01-12 00:00:00,Tunisia,Tunisia,TN,364.06,482.30,1.61,1.61,EMBER + Electricity Maps Estimation,true,ESTIMATED_GENERAL_PURPOSE_ZONE_MODEL
2023-01-13 00:00:00,Tunisia,Tunisia,TN,369.36,489.17,0.17,0.17,EMBER + Electricity Maps Estimation,true,ESTIMATED_GENERAL_PURPOSE_ZONE_MODEL
2023-01-14 00:00:00,Tunisia,Tunisia,TN,369.15,488.90,0.23,0.23,EMBER + Electricity Maps Estimation,true,ESTIMATED_GENERAL_PURPOSE_ZONE_MODEL
2023-01-15 00:00:00,Tunisia,Tunisia,TN,368.73,488.35,0.34,0.34,EMBER + Electricity Maps Estimation,true,ESTIMATED_GENERAL_PURPOSE_ZONE_MODEL
2023-01-16 00:00:00,Tunisia,Tunisia,TN,358.64,475.30,3.07,3.07,EMBER + Electricity Maps Estimation,true,ESTIMATED_GENERAL_PURPOSE_ZONE_MODEL
2023-01-17 00:00:00,Tunisia,Tunisia,TN,356.86,472.99,3.55,3.55,EMBER + Electricity Maps Estimation,true,ESTIMATED_GENERAL_PURPOSE_ZONE_MODEL
2023-01-18 00:00:00,Tunisia,Tunisia,TN,357.51,473.83,3.38,3.38,EMBER + Electricity Maps Estimation,true,ESTIMATED_GENERAL_PURPOSE_ZONE_MODEL
2023-01-19 00:00:00,Tunisia,Tunisia,TN,358.97,475.72,2.98,2.98,EMBER + Electricity Maps Estimation,true,ESTIMATED_GENERAL_PURPOSE_ZONE_MODEL
2023-01-20 00:00:00,Tunisia,Tunisia,TN,357.89,474.33,3.27,3.27,EMBER + Electricity Maps Estimation,true,ESTIMATED_GENERAL_PURPOSE_ZONE_MODEL
2023-01-21 00:00:00,Tunisia,Tunisia,TN,358.74,475.42,3.04,3.04,EMBER + Electricity Maps Estimation,true,ESTIMATED_GENERAL_PURPOSE_ZONE_MODEL
2023-01-22 00:00:00,Tunisia,Tunisia,TN,357.67,474.04,3.33,3.33,EMBER + Electricity Maps Estimation,true,ESTIMATED_GENERAL_PURPOSE_ZONE_MODEL
2023-01-23 00:00:00,Tunisia,Tunisia,TN,360.68,477.93,2.52,2.52,EMBER + Electricity Maps Estimation,true,ESTIMATED_GENERAL_PURPOSE_ZONE_MODEL
2023-01-24 00:00:00,Tunisia,Tunisia,TN,366.28,485.18,1.01,1.01,EMBER + Electricity Maps Estimation,true,ESTIMATED_GENERAL_PURPOSE_ZONE_MODEL
2023-01-25 00:00:00,Tunisia,Tunisia,TN,367.57,486.85,0.66,0.66,EMBER + Electricity Maps Estimation,true,ESTIMATED_GENERAL_PURPOSE_ZONE_MODEL
2023-01-26 00:00:00,Tunisia,Tunisia,TN,360.11,477.20,2.67,2.67,EMBER + Electricity Maps Estimation,true,ESTIMATED_GENERAL_PURPOSE_ZONE_MODEL
2023-01-27 00:00:00,Tunisia,Tunisia,TN,360.12,477.21,2.67,2.67,EMBER + Electricity Maps Estimation,true,ESTIMATED_GENERAL_PURPOSE_ZONE_MODEL
2023-01-28 00:00:00,Tunisia,Tunisia,TN,359.18,475.99,2.92,2.92,EMBER + Electricity Maps Estimation,true,ESTIMATED_GENERAL_PURPOSE_ZONE_MODEL
2023-01-29 00:00:00,Tunisia,Tunisia,TN,358.68,475.34,3.06,3.06,EMBER + Electricity Maps Estimation,true,ESTIMATED_GENERAL_PURPOSE_ZONE_MODEL
2023-01-30 00:00:00,Tunisia,Tunisia,TN,361.88,479.48,2.20,2.20,EMBER + Electricity Maps Estimation,true,ESTIMATED_GENERAL_PURPOSE_ZONE_MODEL
2023-01-31 00:00:00,Tunisia,Tunisia,TN,362.40,480.17,2.05,2.05,EMBER + Electricity Maps Estimation,true,ESTIMATED_GENERAL_PURPOSE_ZONE_MODEL
2023-02-01 00:00:00,Tunisia,Tunisia,TN,368.09,487.53,0.52,0.52,EMBER + Electricity Maps Estimation,true,ESTIMATED_GENERAL_PURPOSE_ZONE_MODEL
2023-02-02 00:00:00,Tunisia,Tunisia,TN,365.58,484.28,1.20,1.20,EMBER + Electricity Maps Estimation,true,ESTIMATED_GENERAL_PURPOSE_ZONE_MODEL
2023-02-03 00:00:00,Tunisia,Tunisia,TN,361.45,478.94,2.31,2.31,EMBER + Electricity Maps Estimation,true,ESTIMATED_GENERAL_PURPOSE_ZONE_MODEL
2023-02-04 00:00:00,Tunisia,Tunisia,TN,358.55,475.17,3.10,3.10,EMBER + Electricity Maps Estimation,true,ESTIMATED_GENERAL_PURPOSE_ZONE_MODEL
2023-02-05 00:00:00,Tunisia,Tunisia,TN,364.87,483.36,1.39,1.39,EMBER + Electricity Maps Estimation,true,ESTIMATED_GENERAL_PURPOSE_ZONE_MODEL
2023-02-06 00:00:00,Tunisia,Tunisia,TN,363.07,481.03,1.87,1.87,EMBER + Electricity Maps Estimation,true,ESTIMATED_GENERAL_PURPOSE_ZONE_MODEL
2023-02-07 00:00:00,Tunisia,Tunisia,TN,361.04,478.40,2.42,2.42,EMBER + Electricity Maps Estimation,true,ESTIMATED_GENERAL_PURPOSE_ZONE_MODEL
2023-02-08 00:00:00,Tunisia,Tunisia,TN,360.36,477.51,2.61,2.61,EMBER + Electricity Maps Estimation,true,ESTIMATED_GENERAL_PURPOSE_ZONE_MODEL
2023-02-09 00:00:00,Tunisia,Tunisia,TN,361.57,479.08,2.28,2.28,EMBER + Electricity Maps Estimation,true,ESTIMATED_GENERAL_PURPOSE_ZONE_MODEL
2023-02-10 00:00:00,Tunisia,Tunisia,TN,360.58,477.81,2.54,2.54,EMBER + Electricity Maps Estimation,true,ESTIMATED_GENERAL_PURPOSE_ZONE_MODEL
2023-02-11 00:00:00,Tunisia,Tunisia,TN,360.42,477.59,2.59,2.59,EMBER + Electricity Maps Estimation,true,ESTIMATED_GENERAL_PURPOSE_ZONE_MODEL
2023-02-12 00:00:00,Tunisia,Tunisia,TN,360.05,477.11,2.69,2.69,EMBER + Electricity Maps Estimation,true,ESTIMATED_GENERAL_PURPOSE_ZONE_MODEL
2023-02-13 00:00:00,Tunisia,Tunisia,TN,362.03,479.68,2.15,2.15,EMBER + Electricity Maps Estimation,true,ESTIMATED_GENERAL_PURPOSE_ZONE_MODEL
2023-02-14 00:00:00,Tunisia,Tunisia,TN,369.69,489.60,0.08,0.08,EMBER + Electricity Maps Estimation,true,ESTIMATED_GENERAL_PURPOSE_ZONE_MODEL
2023-02-15 00:00:00,Tunisia,Tunisia,TN,369.53,489.39,0.13,0.13,EMBER + Electricity Maps Estimation,true,ESTIMATED_GENERAL_PURPOSE_ZONE_MODEL
2023-02-16 00:00:00,Tunisia,Tunisia,TN,369.48,489.32,0.14,0.14,EMBER + Electricity Maps Estimation,true,ESTIMATED_GENERAL_PURPOSE_ZONE_MODEL
2023-02-17 00:00:00,Tunisia,Tunisia,TN,369.56,489.43,0.12,0.12,EMBER + Electricity Maps Estimation,true,ESTIMATED_GENERAL_PURPOSE_ZONE_MODEL
2023-02-18 00:00:00,Tunisia,Tunisia,TN,369.51,489.37,0.13,0.13,EMBER + Electricity Maps Estimation,true,ESTIMATED_GENERAL_PURPOSE_ZONE_MODEL
2023-02-19 00:00:00,Tunisia,Tunisia,TN,369.11,488.84,0.24,0.24,EMBER + Electricity Maps Estimation,true,ESTIMATED_GENERAL_PURPOSE_ZONE_MODEL
2023-02-20 00:00:00,Tunisia,Tunisia,TN,369.33,489.14,0.18,0.18,EMBER + Electricity Maps Estimation,true,ESTIMATED_GENERAL_PURPOSE_ZONE_MODEL
2023-02-21 00:00:00,Tunisia,Tunisia,TN,369.11,488.85,0.24,0.24,EMBER + Electricity Maps Estimation,true,ESTIMATED_GENERAL_PURPOSE_ZONE_MODEL
2023-02-22 00:00:00,Tunisia,Tunisia,TN,369.20,488.96,0.22,0.22,EMBER + Electricity Maps Estimation,true,ESTIMATED_GENERAL_PURPOSE_ZONE_MODEL
2023-02-23 00:00:00,Tunisia,Tunisia,TN,369.25,489.03,0.20,0.20,EMBER + Electricity Maps Estimation,true,ESTIMATED_GENERAL_PURPOSE_ZONE_MODEL
2023-02-24 00:00:00,Tunisia,Tunisia,TN,360.11,477.20,2.67,2.67,EMBER + Electricity Maps Estimation,true,ESTIMATED_GENERAL_PURPOSE_ZONE_MODEL
2023-02-25 00:00:00,Tunisia,Tunisia,TN,354.09,469.40,4.30,4.30,EMBER + Electricity Maps Estimation,true,ESTIMATED_GENERAL_PURPOSE_ZONE_MODEL
2023-02-26 00:00:00,Tunisia,Tunisia,TN,358.10,474.60,3.21,3.21,EMBER + Electricity Maps Estimation,true,ESTIMATED_GENERAL_PURPOSE_ZONE_MODEL
2023-02-27 00:00:00,Tunisia,Tunisia,TN,366.55,485.53,0.93,0.93,EMBER + Electricity Maps Estimation,true,ESTIMATED_GENERAL_PURPOSE_ZONE_MODEL
2023-02-28 00:00:00,Tunisia,Tunisia,TN,360.78,478.07,2.49,2.49,EMBER + Electricity Maps Estimation,true,ESTIMATED_GENERAL_PURPOSE_ZONE_MODEL
2023-03-01 00:00:00,Tunisia,Tunisia,TN,360.26,477.39,2.63,2.63,EMBER + Electricity Maps Estimation,true,ESTIMATED_GENERAL_PURPOSE_ZONE_MODEL
2023-03-02 00:00:00,Tunisia,Tunisia,TN,364.44,482.81,1.50,1.50,EMBER + Electricity Maps Estimation,true,ESTIMATED_GENERAL_PURPOSE_ZONE_MODEL
2023-03-03 00:00:00,Tunisia,Tunisia,TN,359.28,476.12,2.90,2.90,EMBER + Electricity Maps Estimation,true,ESTIMATED_GENERAL_PURPOSE_ZONE_MODEL
2023-03-04 00:00:00,Tunisia,Tunisia,TN,356.87,473.00,3.55,3.55,EMBER + Electricity Maps Estimation,true,ESTIMATED_GENERAL_PURPOSE_ZONE_MODEL
2023-03-05 00:00:00,Tunisia,Tunisia,TN,363.64,481.77,1.72,1.72,EMBER + Electricity Maps Estimation,true,ESTIMATED_GENERAL_PURPOSE_ZONE_MODEL
2023-03-06 00:00:00,Tunisia,Tunisia,TN,359.73,476.70,2.78,2.78,EMBER + Electricity Maps Estimation,true,ESTIMATED_GENERAL_PURPOSE_ZONE_MODEL
2023-03-07 00:00:00,Tunisia,Tunisia,TN,364.07,482.32,1.60,1.60,EMBER + Electricity Maps Estimation,true,ESTIMATED_GENERAL_PURPOSE_ZONE_MODEL
2023-03-08 00:00:00,Tunisia,Tunisia,TN,369.17,488.92,0.22,0.22,EMBER + Electricity Maps Estimation,true,ESTIMATED_GENERAL_PURPOSE_ZONE_MODEL
2023-03-09 00:00:00,Tunisia,Tunisia,TN,369.15,488.90,0.23,0.23,EMBER + Electricity Maps Estimation,true,ESTIMATED_GENERAL_PURPOSE_ZONE_MODEL
2023-03-10 00:00:00,Tunisia,Tunisia,TN,356.91,473.06,3.54,3.54,EMBER + Electricity Maps Estimation,true,ESTIMATED_GENERAL_PURPOSE_ZONE_MODEL
2023-03-11 00:00:00,Tunisia,Tunisia,TN,348.64,462.34,5.77,5.77,EMBER + Electricity Maps Estimation,true,ESTIMATED_GENERAL_PURPOSE_ZONE_MODEL
2023-03-12 00:00:00,Tunisia,Tunisia,TN,345.64,458.46,6.59,6.59,EMBER + Electricity Maps Estimation,true,ESTIMATED_GENERAL_PURPOSE_ZONE_MODEL
2023-03-13 00:00:00,Tunisia,Tunisia,TN,360.98,478.32,2.44,2.44,EMBER + Electricity Maps Estimation,true,ESTIMATED_GENERAL_PURPOSE_ZONE_MODEL
2023-03-14 00:00:00,Tunisia,Tunisia,TN,354.81,470.33,4.11,4.11,EMBER + Electricity Maps Estimation,true,ESTIMATED_GENERAL_PURPOSE_ZONE_MODEL
2023-03-15 00:00:00,Tunisia,Tunisia,TN,351.01,465.42,5.13,5.13,EMBER + Electricity Maps Estimation,true,ESTIMATED_GENERAL_PURPOSE_ZONE_MODEL
2023-03-16 00:00:00,Tunisia,Tunisia,TN,367.19,486.36,0.76,0.76,EMBER + Electricity Maps Estimation,true,ESTIMATED_GENERAL_PURPOSE_ZONE_MODEL
2023-03-17 00:00:00,Tunisia,Tunisia,TN,367.19,486.37,0.76,0.76,EMBER + Electricity Maps Estimation,true,ESTIMATED_GENERAL_PURPOSE_ZONE_MODEL
2023-03-18 00:00:00,Tunisia,Tunisia,TN,362.39,480.15,2.06,2.06,EMBER + Electricity Maps Estimation,true,ESTIMATED_GENERAL_PURPOSE_ZONE_MODEL
2023-03-19 00:00:00,Tunisia,Tunisia,TN,352.47,467.31,4.74,4.74,EMBER + Electricity Maps Estimation,true,ESTIMATED_GENERAL_PURPOSE_ZONE_MODEL
2023-03-20 00:00:00,Tunisia,Tunisia,TN,356.59,472.64,3.62,3.62,EMBER + Electricity Maps Estimation,true,ESTIMATED_GENERAL_PURPOSE_ZONE_MODEL
2023-03-21 00:00:00,Tunisia,Tunisia,TN,355.51,471.25,3.91,3.91,EMBER + Electricity Maps Estimation,true,ESTIMATED_GENERAL_PURPOSE_ZONE_MODEL
2023-03-22 00:00:00,Tunisia,Tunisia,TN,367.39,486.62,0.71,0.71,EMBER + Electricity Maps Estimation,true,ESTIMATED_GENERAL_PURPOSE_ZONE_MODEL
2023-03-23 00:00:00,Tunisia,Tunisia,TN,369.52,489.38,0.13,0.13,EMBER + Electricity Maps Estimation,true,ESTIMATED_GENERAL_PURPOSE_ZONE_MODEL
2023-03-24 00:00:00,Tunisia,Tunisia,TN,369.39,489.21,0.16,0.16,EMBER + Electricity Maps Estimation,true,ESTIMATED_GENERAL_PURPOSE_ZONE_MODEL
2023-03-25 00:00:00,Tunisia,Tunisia,TN,369.45,489.29,0.15,0.15,EMBER + Electricity Maps Estimation,true,ESTIMATED_GENERAL_PURPOSE_ZONE_MODEL
2023-03-26 00:00:00,Tunisia,Tunisia,TN,367.34,486.55,0.72,0.72,EMBER + Electricity Maps Estimation,true,ESTIMATED_GENERAL_PURPOSE_ZONE_MODEL
2023-03-27 00:00:00,Tunisia,Tunisia,TN,358.24,474.77,3.18,3.18,EMBER + Electricity Maps Estimation,true,ESTIMATED_GENERAL_PURPOSE_ZONE_MODEL
2023-03-28 00:00:00,Tunisia,Tunisia,TN,355.61,471.38,3.89,3.89,EMBER + Electricity Maps Estimation,true,ESTIMATED_GENERAL_PURPOSE_ZONE_MODEL
2023-03-29 00:00:00,Tunisia,Tunisia,TN,364.87,483.35,1.39,1.39,EMBER + Electricity Maps Estimation,true,ESTIMATED_GENERAL_PURPOSE_ZONE_MODEL
2023-03-30 00:00:00,Tunisia,Tunisia,TN,368.80,488.44,0.33,0.33,EMBER + Electricity Maps Estimation,true,ESTIMATED_GENERAL_PURPOSE_ZONE_MODEL
2023-03-31 00:00:00,Tunisia,Tunisia,TN,369.38,489.19,0.17,0.17,EMBER + Electricity Maps Estimation,true,ESTIMATED_GENERAL_PURPOSE_ZONE_MODEL
2023-04-01 00:00:00,Tunisia,Tunisia,TN,360.66,477.91,2.52,2.52,EMBER + Electricity Maps Estimation,true,ESTIMATED_GENERAL_PURPOSE_ZONE_MODEL
2023-04-02 00:00:00,Tunisia,Tunisia,TN,347.19,460.47,6.17,6.17,EMBER + Electricity Maps Estimation,true,ESTIMATED_GENERAL_PURPOSE_ZONE_MODEL
2023-04-03 00:00:00,Tunisia,Tunisia,TN,352.11,466.84,4.84,4.84,EMBER + Electricity Maps Estimation,true,ESTIMATED_GENERAL_PURPOSE_ZONE_MODEL
2023-04-04 00:00:00,Tunisia,Tunisia,TN,360.91,478.23,2.46,2.46,EMBER + Electricity Maps Estimation,true,ESTIMATED_GENERAL_PURPOSE_ZONE_MODEL
2023-04-05 00:00:00,Tunisia,Tunisia,TN,354.86,470.40,4.09,4.09,EMBER + Electricity Maps Estimation,true,ESTIMATED_GENERAL_PURPOSE_ZONE_MODEL
2023-04-06 00:00:00,Tunisia,Tunisia,TN,352.65,467.53,4.69,4.69,EMBER + Electricity Maps Estimation,true,ESTIMATED_GENERAL_PURPOSE_ZONE_MODEL
2023-04-07 00:00:00,Tunisia,Tunisia,TN,356.24,472.18,3.72,3.72,EMBER + Electricity Maps Estimation,true,ESTIMATED_GENERAL_PURPOSE_ZONE_MODEL
2023-04-08 00:00:00,Tunisia,Tunisia,TN,366.57,485.56,0.93,0.93,EMBER + Electricity Maps Estimation,true,ESTIMATED_GENERAL_PURPOSE_ZONE_MODEL
2023-04-09 00:00:00,Tunisia,Tunisia,TN,368.60,488.19,0.38,0.38,EMBER + Electricity Maps Estimation,true,ESTIMATED_GENERAL_PURPOSE_ZONE_MODEL
2023-04-10 00:00:00,Tunisia,Tunisia,TN,368.84,488.49,0.31,0.31,EMBER + Electricity Maps Estimation,true,ESTIMATED_GENERAL_PURPOSE_ZONE_MODEL
2023-04-11 00:00:00,Tunisia,Tunisia,TN,368.86,488.53,0.31,0.31,EMBER + Electricity Maps Estimation,true,ESTIMATED_GENERAL_PURPOSE_ZONE_MODEL
2023-04-12 00:00:00,Tunisia,Tunisia,TN,369.03,488.74,0.26,0.26,EMBER + Electricity Maps Estimation,true,ESTIMATED_GENERAL_PURPOSE_ZONE_MODEL
2023-04-13 00:00:00,Tunisia,Tunisia,TN,356.49,472.51,3.65,3.65,EMBER + Electricity Maps Estimation,true,ESTIMATED_GENERAL_PURPOSE_ZONE_MODEL
2023-04-14 00:00:00,Tunisia,Tunisia,TN,358.50,475.11,3.11,3.11,EMBER + Electricity Maps Estimation,true,ESTIMATED_GENERAL_PURPOSE_ZONE_MODEL
2023-04-15 00:00:00,Tunisia,Tunisia,TN,363.24,481.25,1.83,1.83,EMBER + Electricity Maps Estimation,true,ESTIMATED_GENERAL_PURPOSE_ZONE_MODEL
2023-04-16 00:00:00,Tunisia,Tunisia,TN,347.83,461.30,5.99,5.99,EMBER + Electricity Maps Estimation,true,ESTIMATED_GENERAL_PURPOSE_ZONE_MODEL
2023-04-17 00:00:00,Tunisia,Tunisia,TN,359.14,475.93,2.94,2.94,EMBER + Electricity Maps Estimation,true,ESTIMATED_GENERAL_PURPOSE_ZONE_MODEL
2023-04-18 00:00:00,Tunisia,Tunisia,TN,368.98,488.68,0.28,0.28,EMBER + Electricity Maps Estimation,true,ESTIMATED_GENERAL_PURPOSE_ZONE_MODEL
2023-04-19 00:00:00,Tunisia,Tunisia,TN,359.62,476.56,2.81,2.81,EMBER + Electricity Maps Estimation,true,ESTIMATED_GENERAL_PURPOSE_ZONE_MODEL
2023-04-20 00:00:00,Tunisia,Tunisia,TN,353.90,469.16,4.35,4.35,EMBER + Electricity Maps Estimation,true,ESTIMATED_GENERAL_PURPOSE_ZONE_MODEL
2023-04-21 00:00:00,Tunisia,Tunisia,TN,351.51,466.06,5.00,5.00,EMBER + Electricity Maps Estimation,true,ESTIMATED_GENERAL_PURPOSE_ZONE_MODEL
2023-04-22 00:00:00,Tunisia,Tunisia,TN,349.24,463.12,5.61,5.61,EMBER + Electricity Maps Estimation,true,ESTIMATED_GENERAL_PURPOSE_ZONE_MODEL
2023-04-23 00:00:00,Tunisia,Tunisia,TN,362.33,480.06,2.07,2.07,EMBER + Electricity Maps Estimation,true,ESTIMATED_GENERAL_PURPOSE_ZONE_MODEL
2023-04-24 00:00:00,Tunisia,Tunisia,TN,369.01,488.71,0.27,0.27,EMBER + Electricity Maps Estimation,true,ESTIMATED_GENERAL_PURPOSE_ZONE_MODEL
2023-04-25 00:00:00,Tunisia,Tunisia,TN,369.17,488.92,0.23,0.23,EMBER + Electricity Maps Estimation,true,ESTIMATED_GENERAL_PURPOSE_ZONE_MODEL
2023-04-26 00:00:00,Tunisia,Tunisia,TN,369.07,488.80,0.25,0.25,EMBER + Electricity Maps Estimation,true,ESTIMATED_GENERAL_PURPOSE_ZONE_MODEL
2023-04-27 00:00:00,Tunisia,Tunisia,TN,369.27,489.06,0.20,0.20,EMBER + Electricity Maps Estimation,true,ESTIMATED_GENERAL_PURPOSE_ZONE_MODEL
2023-04-28 00:00:00,Tunisia,Tunisia,TN,365.20,483.79,1.30,1.30,EMBER + Electricity Maps Estimation,true,ESTIMATED_GENERAL_PURPOSE_ZONE_MODEL
2023-04-29 00:00:00,Tunisia,Tunisia,TN,368.49,488.05,0.41,0.41,EMBER + Electricity Maps Estimation,true,ESTIMATED_GENERAL_PURPOSE_ZONE_MODEL
2023-04-30 00:00:00,Tunisia,Tunisia,TN,359.91,476.93,2.73,2.73,EMBER + Electricity Maps Estimation,true,ESTIMATED_GENERAL_PURPOSE_ZONE_MODEL
2023-05-01 00:00:00,Tunisia,Tunisia,TN,357.96,474.41,3.25,3.25,EMBER + Electricity Maps Estimation,true,ESTIMATED_GENERAL_PURPOSE_ZONE_MODEL
2023-05-02 00:00:00,Tunisia,Tunisia,TN,359.69,476.66,2.79,2.79,EMBER + Electricity Maps Estimation,true,ESTIMATED_GENERAL_PURPOSE_ZONE_MODEL
2023-05-03 00:00:00,Tunisia,Tunisia,TN,364.37,482.71,1.52,1.52,EMBER + Electricity Maps Estimation,true,ESTIMATED_GENERAL_PURPOSE_ZONE_MODEL
2023-05-04 00:00:00,Tunisia,Tunisia,TN,369.53,489.39,0.13,0.13,EMBER + Electricity Maps Estimation,true,ESTIMATED_GENERAL_PURPOSE_ZONE_MODEL
2023-05-05 00:00:00,Tunisia,Tunisia,TN,369.56,489.43,0.12,0.12,EMBER + Electricity Maps Estimation,true,ESTIMATED_GENERAL_PURPOSE_ZONE_MODEL
2023-05-06 00:00:00,Tunisia,Tunisia,TN,366.72,485.76,0.89,0.89,EMBER + Electricity Maps Estimation,true,ESTIMATED_GENERAL_PURPOSE_ZONE_MODEL
2023-05-07 00:00:00,Tunisia,Tunisia,TN,357.22,473.45,3.46,3.46,EMBER + Electricity Maps Estimation,true,ESTIMATED_GENERAL_PURPOSE_ZONE_MODEL
2023-05-08 00:00:00,Tunisia,Tunisia,TN,359.44,476.33,2.85,2.85,EMBER + Electricity Maps Estimation,true,ESTIMATED_GENERAL_PURPOSE_ZONE_MODEL
2023-05-09 00:00:00,Tunisia,Tunisia,TN,359.43,476.32,2.86,2.86,EMBER + Electricity Maps Estimation,true,ESTIMATED_GENERAL_PURPOSE_ZONE_MODEL
2023-05-10 00:00:00,Tunisia,Tunisia,TN,364.99,483.51,1.36,1.36,EMBER + Electricity Maps Estimation,true,ESTIMATED_GENERAL_PURPOSE_ZONE_MODEL
2023-05-11 00:00:00,Tunisia,Tunisia,TN,364.84,483.32,1.39,1.39,EMBER + Electricity Maps Estimation,true,ESTIMATED_GENERAL_PURPOSE_ZONE_MODEL
2023-05-12 00:00:00,Tunisia,Tunisia,TN,358.84,475.55,3.02,3.02,EMBER + Electricity Maps Estimation,true,ESTIMATED_GENERAL_PURPOSE_ZONE_MODEL
2023-05-13 00:00:00,Tunisia,Tunisia,TN,357.55,473.88,3.37,3.37,EMBER + Electricity Maps Estimation,true,ESTIMATED_GENERAL_PURPOSE_ZONE_MODEL
2023-05-14 00:00:00,Tunisia,Tunisia,TN,357.15,473.37,3.47,3.47,EMBER + Electricity Maps Estimation,true,ESTIMATED_GENERAL_PURPOSE_ZONE_MODEL
2023-05-15 00:00:00,Tunisia,Tunisia,TN,358.66,475.32,3.07,3.07,EMBER + Electricity Maps Estimation,true,ESTIMATED_GENERAL_PURPOSE_ZONE_MODEL
2023-05-16 00:00:00,Tunisia,Tunisia,TN,358.87,475.59,3.01,3.01,EMBER + Electricity Maps Estimation,true,ESTIMATED_GENERAL_PURPOSE_ZONE_MODEL
2023-05-17 00:00:00,Tunisia,Tunisia,TN,364.41,482.76,1.51,1.51,EMBER + Electricity Maps Estimation,true,ESTIMATED_GENERAL_PURPOSE_ZONE_MODEL
2023-05-18 00:00:00,Tunisia,Tunisia,TN,358.71,475.38,3.05,3.05,EMBER + Electricity Maps Estimation,true,ESTIMATED_GENERAL_PURPOSE_ZONE_MODEL
2023-05-19 00:00:00,Tunisia,Tunisia,TN,359.95,476.99,2.71,2.71,EMBER + Electricity Maps Estimation,true,ESTIMATED_GENERAL_PURPOSE_ZONE_MODEL
2023-05-20 00:00:00,Tunisia,Tunisia,TN,357.43,473.73,3.40,3.40,EMBER + Electricity Maps Estimation,true,ESTIMATED_GENERAL_PURPOSE_ZONE_MODEL
2023-05-21 00:00:00,Tunisia,Tunisia,TN,358.27,474.82,3.17,3.17,EMBER + Electricity Maps Estimation,true,ESTIMATED_GENERAL_PURPOSE_ZONE_MODEL
2023-05-22 00:00:00,Tunisia,Tunisia,TN,365.91,484.70,1.11,1.11,EMBER + Electricity Maps Estimation,true,ESTIMATED_GENERAL_PURPOSE_ZONE_MODEL
2023-05-23 00:00:00,Tunisia,Tunisia,TN,358.54,475.17,3.10,3.10,EMBER + Electricity Maps Estimation,true,ESTIMATED_GENERAL_PURPOSE_ZONE_MODEL
2023-05-24 00:00:00,Tunisia,Tunisia,TN,361.52,479.02,2.29,2.29,EMBER + Electricity Maps Estimation,true,ESTIMATED_GENERAL_PURPOSE_ZONE_MODEL
2023-05-25 00:00:00,Tunisia,Tunisia,TN,359.01,475.78,2.97,2.97,EMBER + Electricity Maps Estimation,true,ESTIMATED_GENERAL_PURPOSE_ZONE_MODEL
2023-05-26 00:00:00,Tunisia,Tunisia,TN,357.92,474.36,3.27,3.27,EMBER + Electricity Maps Estimation,true,ESTIMATED_GENERAL_PURPOSE_ZONE_MODEL
2023-05-27 00:00:00,Tunisia,Tunisia,TN,369.29,489.09,0.19,0.19,EMBER + Electricity Maps Estimation,true,ESTIMATED_GENERAL_PURPOSE_ZONE_MODEL
2023-05-28 00:00:00,Tunisia,Tunisia,TN,365.19,483.77,1.30,1.30,EMBER + Electricity Maps Estimation,true,ESTIMATED_GENERAL_PURPOSE_ZONE_MODEL
2023-05-29 00:00:00,Tunisia,Tunisia,TN,359.31,476.16,2.89,2.89,EMBER + Electricity Maps Estimation,true,ESTIMATED_GENERAL_PURPOSE_ZONE_MODEL
2023-05-30 00:00:00,Tunisia,Tunisia,TN,359.57,476.50,2.82,2.82,EMBER + Electricity Maps Estimation,true,ESTIMATED_GENERAL_PURPOSE_ZONE_MODEL
2023-05-31 00:00:00,Tunisia,Tunisia,TN,359.51,476.42,2.83,2.83,EMBER + Electricity Maps Estimation,true,ESTIMATED_GENERAL_PURPOSE_ZONE_MODEL
2023-06-01 00:00:00,Tunisia,Tunisia,TN,361.63,479.16,2.26,2.26,EMBER + Electricity Maps Estimation,true,ESTIMATED_GENERAL_PURPOSE_ZONE_MODEL
2023-06-02 00:00:00,Tunisia,Tunisia,TN,364.66,483.08,1.44,1.44,EMBER + Electricity Maps Estimation,true,ESTIMATED_GENERAL_PURPOSE_ZONE_MODEL
2023-06-03 00:00:00,Tunisia,Tunisia,TN,358.08,474.57,3.22,3.22,EMBER + Electricity Maps Estimation,true,ESTIMATED_GENERAL_PURPOSE_ZONE_MODEL
2023-06-04 00:00:00,Tunisia,Tunisia,TN,351.17,465.62,5.09,5.09,EMBER + Electricity Maps Estimation,true,ESTIMATED_GENERAL_PURPOSE_ZONE_MODEL
2023-06-05 00:00:00,Tunisia,Tunisia,TN,357.87,474.30,3.28,3.28,EMBER + Electricity Maps Estimation,true,ESTIMATED_GENERAL_PURPOSE_ZONE_MODEL
2023-06-06 00:00:00,Tunisia,Tunisia,TN,349.45,463.40,5.55,5.55,EMBER + Electricity Maps Estimation,true,ESTIMATED_GENERAL_PURPOSE_ZONE_MODEL
2023-06-07 00:00:00,Tunisia,Tunisia,TN,369.14,488.89,0.23,0.23,EMBER + Electricity Maps Estimation,true,ESTIMATED_GENERAL_PURPOSE_ZONE_MODEL
2023-06-08 00:00:00,Tunisia,Tunisia,TN,368.71,488.32,0.35,0.35,EMBER + Electricity Maps Estimation,true,ESTIMATED_GENERAL_PURPOSE_ZONE_MODEL
2023-06-09 00:00:00,Tunisia,Tunisia,TN,361.87,479.47,2.20,2.20,EMBER + Electricity Maps Estimation,true,ESTIMATED_GENERAL_PURPOSE_ZONE_MODEL
2023-06-10 00:00:00,Tunisia,Tunisia,TN,355.97,471.83,3.79,3.79,EMBER + Electricity Maps Estimation,true,ESTIMATED_GENERAL_PURPOSE_ZONE_MODEL
2023-06-11 00:00:00,Tunisia,Tunisia,TN,346.81,459.98,6.27,6.27,EMBER + Electricity Maps Estimation,true,ESTIMATED_GENERAL_PURPOSE_ZONE_MODEL
2023-06-12 00:00:00,Tunisia,Tunisia,TN,366.22,485.11,1.02,1.02,EMBER + Electricity Maps Estimation,true,ESTIMATED_GENERAL_PURPOSE_ZONE_MODEL
2023-06-13 00:00:00,Tunisia,Tunisia,TN,357.91,474.34,3.27,3.27,EMBER + Electricity Maps Estimation,true,ESTIMATED_GENERAL_PURPOSE_ZONE_MODEL
2023-06-14 00:00:00,Tunisia,Tunisia,TN,357.15,473.37,3.47,3.47,EMBER + Electricity Maps Estimation,true,ESTIMATED_GENERAL_PURPOSE_ZONE_MODEL
2023-06-15 00:00:00,Tunisia,Tunisia,TN,357.39,473.68,3.41,3.41,EMBER + Electricity Maps Estimation,true,ESTIMATED_GENERAL_PURPOSE_ZONE_MODEL
2023-06-16 00:00:00,Tunisia,Tunisia,TN,359.68,476.64,2.79,2.79,EMBER + Electricity Maps Estimation,true,ESTIMATED_GENERAL_PURPOSE_ZONE_MODEL
2023-06-17 00:00:00,Tunisia,Tunisia,TN,369.32,489.12,0.18,0.18,EMBER + Electricity Maps Estimation,true,ESTIMATED_GENERAL_PURPOSE_ZONE_MODEL
2023-06-18 00:00:00,Tunisia,Tunisia,TN,364.08,482.34,1.60,1.60,EMBER + Electricity Maps Estimation,true,ESTIMATED_GENERAL_PURPOSE_ZONE_MODEL
2023-06-19 00:00:00,Tunisia,Tunisia,TN,360.54,477.75,2.56,2.56,EMBER + Electricity Maps Estimation,true,ESTIMATED_GENERAL_PURPOSE_ZONE_MODEL
2023-06-20 00:00:00,Tunisia,Tunisia,TN,360.21,477.33,2.65,2.65,EMBER + Electricity Maps Estimation,true,ESTIMATED_GENERAL_PURPOSE_ZONE_MODEL
2023-06-21 00:00:00,Tunisia,Tunisia,TN,360.15,477.25,2.66,2.66,EMBER + Electricity Maps Estimation,true,ESTIMATED_GENERAL_PURPOSE_ZONE_MODEL
2023-06-22 00:00:00,Tunisia,Tunisia,TN,364.63,483.04,1.45,1.45,EMBER + Electricity Maps Estimation,true,ESTIMATED_GENERAL_PURPOSE_ZONE_MODEL
2023-06-23 00:00:00,Tunisia,Tunisia,TN,366.18,485.05,1.03,1.03,EMBER + Electricity Maps Estimation,true,ESTIMATED_GENERAL_PURPOSE_ZONE_MODEL
2023-06-24 00:00:00,Tunisia,Tunisia,TN,364.22,482.52,1.56,1.56,EMBER + Electricity Maps Estimation,true,ESTIMATED_GENERAL_PURPOSE_ZONE_MODEL
2023-06-25 00:00:00,Tunisia,Tunisia,TN,365.40,484.04,1.24,1.24,EMBER + Electricity Maps Estimation,true,ESTIMATED_GENERAL_PURPOSE_ZONE_MODEL
2023-06-26 00:00:00,Tunisia,Tunisia,TN,361.78,479.35,2.22,2.22,EMBER + Electricity Maps Estimation,true,ESTIMATED_GENERAL_PURPOSE_ZONE_MODEL
2023-06-27 00:00:00,Tunisia,Tunisia,TN,366.02,484.84,1.08,1.08,EMBER + Electricity Maps Estimation,true,ESTIMATED_GENERAL_PURPOSE_ZONE_MODEL
2023-06-28 00:00:00,Tunisia,Tunisia,TN,369.47,489.31,0.14,0.14,EMBER + Electricity Maps Estimation,true,ESTIMATED_GENERAL_PURPOSE_ZONE_MODEL
2023-06-29 00:00:00,Tunisia,Tunisia,TN,369.34,489.15,0.18,0.18,EMBER + Electricity Maps Estimation,true,ESTIMATED_GENERAL_PURPOSE_ZONE_MODEL
2023-06-30 00:00:00,Tunisia,Tunisia,TN,369.38,489.19,0.17,0.17,EMBER + Electricity Maps Estimation,true,ESTIMATED_GENERAL_PURPOSE_ZONE_MODEL
2023-07-01 00:00:00,Tunisia,Tunisia,TN,362.52,480.31,2.02,2.02,EMBER + Electricity Maps Estimation,true,ESTIMATED_GENERAL_PURPOSE_ZONE_MODEL
2023-07-02 00:00:00,Tunisia,Tunisia,TN,364.82,483.29,1.40,1.40,EMBER + Electricity Maps Estimation,true,ESTIMATED_GENERAL_PURPOSE_ZONE_MODEL
2023-07-03 00:00:00,Tunisia,Tunisia,TN,366.41,485.35,0.97,0.97,EMBER + Electricity Maps Estimation,true,ESTIMATED_GENERAL_PURPOSE_ZONE_MODEL
2023-07-04 00:00:00,Tunisia,Tunisia,TN,367.52,486.79,0.67,0.67,EMBER + Electricity Maps Estimation,true,ESTIMATED_GENERAL_PURPOSE_ZONE_MODEL
2023-07-05 00:00:00,Tunisia,Tunisia,TN,368.36,487.88,0.44,0.44,EMBER + Electricity Maps Estimation,true,ESTIMATED_GENERAL_PURPOSE_ZONE_MODEL
2023-07-06 00:00:00,Tunisia,Tunisia,TN,367.62,486.92,0.64,0.64,EMBER + Electricity Maps Estimation,true,ESTIMATED_GENERAL_PURPOSE_ZONE_MODEL
2023-07-07 00:00:00,Tunisia,Tunisia,TN,363.39,481.44,1.79,1.79,EMBER + Electricity Maps Estimation,true,ESTIMATED_GENERAL_PURPOSE_ZONE_MODEL
2023-07-08 00:00:00,Tunisia,Tunisia,TN,365.14,483.71,1.31,1.31,EMBER + Electricity Maps Estimation,true,ESTIMATED_GENERAL_PURPOSE_ZONE_MODEL
2023-07-09 00:00:00,Tunisia,Tunisia,TN,368.55,488.12,0.39,0.39,EMBER + Electricity Maps Estimation,true,ESTIMATED_GENERAL_PURPOSE_ZONE_MODEL
2023-07-10 00:00:00,Tunisia,Tunisia,TN,368.10,487.54,0.51,0.51,EMBER + Electricity Maps Estimation,true,ESTIMATED_GENERAL_PURPOSE_ZONE_MODEL
2023-07-11 00:00:00,Tunisia,Tunisia,TN,367.71,487.04,0.62,0.62,EMBER + Electricity Maps Estimation,true,ESTIMATED_GENERAL_PURPOSE_ZONE_MODEL
2023-07-12 00:00:00,Tunisia,Tunisia,TN,365.80,484.56,1.14,1.14,EMBER + Electricity Maps Estimation,true,ESTIMATED_GENERAL_PURPOSE_ZONE_MODEL
2023-07-13 00:00:00,Tunisia,Tunisia,TN,367.93,487.32,0.56,0.56,EMBER + Electricity Maps Estimation,true,ESTIMATED_GENERAL_PURPOSE_ZONE_MODEL
2023-07-14 00:00:00,Tunisia,Tunisia,TN,369.82,489.77,0.05,0.05,EMBER + Electricity Maps Estimation,true,ESTIMATED_GENERAL_PURPOSE_ZONE_MODEL
2023-07-15 00:00:00,Tunisia,Tunisia,TN,368.42,487.96,0.43,0.43,EMBER + Electricity Maps Estimation,true,ESTIMATED_GENERAL_PURPOSE_ZONE_MODEL
2023-07-16 00:00:00,Tunisia,Tunisia,TN,368.15,487.60,0.50,0.50,EMBER + Electricity Maps Estimation,true,ESTIMATED_GENERAL_PURPOSE_ZONE_MODEL
2023-07-17 00:00:00,Tunisia,Tunisia,TN,367.77,487.12,0.60,0.60,EMBER + Electricity Maps Estimation,true,ESTIMATED_GENERAL_PURPOSE_ZONE_MODEL
2023-07-18 00:00:00,Tunisia,Tunisia,TN,367.66,486.97,0.63,0.63,EMBER + Electricity Maps Estimation,true,ESTIMATED_GENERAL_PURPOSE_ZONE_MODEL
2023-07-19 00:00:00,Tunisia,Tunisia,TN,367.91,487.29,0.56,0.56,EMBER + Electricity Maps Estimation,true,ESTIMATED_GENERAL_PURPOSE_ZONE_MODEL
2023-07-20 00:00:00,Tunisia,Tunisia,TN,369.79,489.72,0.06,0.06,EMBER + Electricity Maps Estimation,true,ESTIMATED_GENERAL_PURPOSE_ZONE_MODEL
2023-07-21 00:00:00,Tunisia,Tunisia,TN,368.35,487.86,0.45,0.45,EMBER + Electricity Maps Estimation,true,ESTIMATED_GENERAL_PURPOSE_ZONE_MODEL
2023-07-22 00:00:00,Tunisia,Tunisia,TN,366.44,485.39,0.96,0.96,EMBER + Electricity Maps Estimation,true,ESTIMATED_GENERAL_PURPOSE_ZONE_MODEL
2023-07-23 00:00:00,Tunisia,Tunisia,TN,365.51,484.20,1.21,1.21,EMBER + Electricity Maps Estimation,true,ESTIMATED_GENERAL_PURPOSE_ZONE_MODEL
2023-07-24 00:00:00,Tunisia,Tunisia,TN,364.17,482.45,1.58,1.58,EMBER + Electricity Maps Estimation,true,ESTIMATED_GENERAL_PURPOSE_ZONE_MODEL
2023-07-25 00:00:00,Tunisia,Tunisia,TN,365.87,484.66,1.12,1.12,EMBER + Electricity Maps Estimation,true,ESTIMATED_GENERAL_PURPOSE_ZONE_MODEL
2023-07-26 00:00:00,Tunisia,Tunisia,TN,364.98,483.51,1.36,1.36,EMBER + Electricity Maps Estimation,true,ESTIMATED_GENERAL_PURPOSE_ZONE_MODEL
2023-07-27 00:00:00,Tunisia,Tunisia,TN,366.27,485.18,1.01,1.01,EMBER + Electricity Maps Estimation,true,ESTIMATED_GENERAL_PURPOSE_ZONE_MODEL
2023-07-28 00:00:00,Tunisia,Tunisia,TN,366.65,485.66,0.91,0.91,EMBER + Electricity Maps Estimation,true,ESTIMATED_GENERAL_PURPOSE_ZONE_MODEL
2023-07-29 00:00:00,Tunisia,Tunisia,TN,368.63,488.22,0.37,0.37,EMBER + Electricity Maps Estimation,true,ESTIMATED_GENERAL_PURPOSE_ZONE_MODEL
2023-07-30 00:00:00,Tunisia,Tunisia,TN,367.59,486.88,0.65,0.65,EMBER + Electricity Maps Estimation,true,ESTIMATED_GENERAL_PURPOSE_ZONE_MODEL
2023-07-31 00:00:00,Tunisia,Tunisia,TN,367.45,486.70,0.69,0.69,EMBER + Electricity Maps Estimation,true,ESTIMATED_GENERAL_PURPOSE_ZONE_MODEL
2023-08-01 00:00:00,Tunisia,Tunisia,TN,367.66,486.97,0.63,0.63,EMBER + Electricity Maps Estimation,true,ESTIMATED_GENERAL_PURPOSE_ZONE_MODEL
2023-08-02 00:00:00,Tunisia,Tunisia,TN,366.56,485.54,0.93,0.93,EMBER + Electricity Maps Estimation,true,ESTIMATED_GENERAL_PURPOSE_ZONE_MODEL
2023-08-03 00:00:00,Tunisia,Tunisia,TN,369.45,489.29,0.15,0.15,EMBER + Electricity Maps Estimation,true,ESTIMATED_GENERAL_PURPOSE_ZONE_MODEL
2023-08-04 00:00:00,Tunisia,Tunisia,TN,367.16,486.32,0.77,0.77,EMBER + Electricity Maps Estimation,true,ESTIMATED_GENERAL_PURPOSE_ZONE_MODEL
2023-08-05 00:00:00,Tunisia,Tunisia,TN,361.14,478.53,2.39,2.39,EMBER + Electricity Maps Estimation,true,ESTIMATED_GENERAL_PURPOSE_ZONE_MODEL
2023-08-06 00:00:00,Tunisia,Tunisia,TN,363.41,481.47,1.78,1.78,EMBER + Electricity Maps Estimation,true,ESTIMATED_GENERAL_PURPOSE_ZONE_MODEL
2023-08-07 00:00:00,Tunisia,Tunisia,TN,364.71,483.15,1.43,1.43,EMBER + Electricity Maps Estimation,true,ESTIMATED_GENERAL_PURPOSE_ZONE_MODEL
2023-08-08 00:00:00,Tunisia,Tunisia,TN,367.90,487.28,0.57,0.57,EMBER + Electricity Maps Estimation,true,ESTIMATED_GENERAL_PURPOSE_ZONE_MODEL
2023-08-09 00:00:00,Tunisia,Tunisia,TN,369.67,489.57,0.09,0.09,EMBER + Electricity Maps Estimation,true,ESTIMATED_GENERAL_PURPOSE_ZONE_MODEL
2023-08-10 00:00:00,Tunisia,Tunisia,TN,368.46,488.01,0.41,0.41,EMBER + Electricity Maps Estimation,true,ESTIMATED_GENERAL_PURPOSE_ZONE_MODEL
2023-08-11 00:00:00,Tunisia,Tunisia,TN,369.66,489.56,0.09,0.09,EMBER + Electricity Maps Estimation,true,ESTIMATED_GENERAL_PURPOSE_ZONE_MODEL
2023-08-12 00:00:00,Tunisia,Tunisia,TN,367.49,486.75,0.68,0.68,EMBER + Electricity Maps Estimation,true,ESTIMATED_GENERAL_PURPOSE_ZONE_MODEL
2023-08-13 00:00:00,Tunisia,Tunisia,TN,366.94,486.04,0.83,0.83,EMBER + Electricity Maps Estimation,true,ESTIMATED_GENERAL_PURPOSE_ZONE_MODEL
2023-08-14 00:00:00,Tunisia,Tunisia,TN,366.85,485.92,0.85,0.85,EMBER + Electricity Maps Estimation,true,ESTIMATED_GENERAL_PURPOSE_ZONE_MODEL
2023-08-15 00:00:00,Tunisia,Tunisia,TN,365.97,484.78,1.09,1.09,EMBER + Electricity Maps Estimation,true,ESTIMATED_GENERAL_PURPOSE_ZONE_MODEL
2023-08-16 00:00:00,Tunisia,Tunisia,TN,366.90,485.99,0.84,0.84,EMBER + Electricity Maps Estimation,true,ESTIMATED_GENERAL_PURPOSE_ZONE_MODEL
2023-08-17 00:00:00,Tunisia,Tunisia,TN,367.78,487.12,0.60,0.60,EMBER + Electricity Maps Estimation,true,ESTIMATED_GENERAL_PURPOSE_ZONE_MODEL
2023-08-18 00:00:00,Tunisia,Tunisia,TN,369.70,489.61,0.08,0.08,EMBER + Electricity Maps Estimation,true,ESTIMATED_GENERAL_PURPOSE_ZONE_MODEL
2023-08-19 00:00:00,Tunisia,Tunisia,TN,369.67,489.57,0.09,0.09,EMBER + Electricity Maps Estimation,true,ESTIMATED_GENERAL_PURPOSE_ZONE_MODEL
2023-08-20 00:00:00,Tunisia,Tunisia,TN,366.92,486.01,0.83,0.83,EMBER + Electricity Maps Estimation,true,ESTIMATED_GENERAL_PURPOSE_ZONE_MODEL
2023-08-21 00:00:00,Tunisia,Tunisia,TN,362.36,480.11,2.06,2.06,EMBER + Electricity Maps Estimation,true,ESTIMATED_GENERAL_PURPOSE_ZONE_MODEL
2023-08-22 00:00:00,Tunisia,Tunisia,TN,364.85,483.33,1.39,1.39,EMBER + Electricity Maps Estimation,true,ESTIMATED_GENERAL_PURPOSE_ZONE_MODEL
2023-08-23 00:00:00,Tunisia,Tunisia,TN,368.25,487.73,0.47,0.47,EMBER + Electricity Maps Estimation,true,ESTIMATED_GENERAL_PURPOSE_ZONE_MODEL
2023-08-24 00:00:00,Tunisia,Tunisia,TN,369.71,489.62,0.08,0.08,EMBER + Electricity Maps Estimation,true,ESTIMATED_GENERAL_PURPOSE_ZONE_MODEL
2023-08-25 00:00:00,Tunisia,Tunisia,TN,367.96,487.36,0.55,0.55,EMBER + Electricity Maps Estimation,true,ESTIMATED_GENERAL_PURPOSE_ZONE_MODEL
2023-08-26 00:00:00,Tunisia,Tunisia,TN,367.36,486.58,0.71,0.71,EMBER + Electricity Maps Estimation,true,ESTIMATED_GENERAL_PURPOSE_ZONE_MODEL
2023-08-27 00:00:00,Tunisia,Tunisia,TN,361.82,479.41,2.21,2.21,EMBER + Electricity Maps Estimation,true,ESTIMATED_GENERAL_PURPOSE_ZONE_MODEL
2023-08-28 00:00:00,Tunisia,Tunisia,TN,361.47,478.96,2.30,2.30,EMBER + Electricity Maps Estimation,true,ESTIMATED_GENERAL_PURPOSE_ZONE_MODEL
2023-08-29 00:00:00,Tunisia,Tunisia,TN,364.76,483.21,1.42,1.42,EMBER + Electricity Maps Estimation,true,ESTIMATED_GENERAL_PURPOSE_ZONE_MODEL
2023-08-30 00:00:00,Tunisia,Tunisia,TN,365.12,483.68,1.32,1.32,EMBER + Electricity Maps Estimation,true,ESTIMATED_GENERAL_PURPOSE_ZONE_MODEL
2023-08-31 00:00:00,Tunisia,Tunisia,TN,363.07,481.02,1.87,1.87,EMBER + Electricity Maps Estimation,true,ESTIMATED_GENERAL_PURPOSE_ZONE_MODEL
2023-09-01 00:00:00,Tunisia,Tunisia,TN,361.46,478.94,2.31,2.31,EMBER + Electricity Maps Estimation,true,ESTIMATED_GENERAL_PURPOSE_ZONE_MODEL
2023-09-02 00:00:00,Tunisia,Tunisia,TN,357.20,473.42,3.46,3.46,EMBER + Electricity Maps Estimation,true,ESTIMATED_GENERAL_PURPOSE_ZONE_MODEL
2023-09-03 00:00:00,Tunisia,Tunisia,TN,356.93,473.08,3.53,3.53,EMBER + Electricity Maps Estimation,true,ESTIMATED_GENERAL_PURPOSE_ZONE_MODEL
2023-09-04 00:00:00,Tunisia,Tunisia,TN,364.84,483.32,1.40,1.40,EMBER + Electricity Maps Estimation,true,ESTIMATED_GENERAL_PURPOSE_ZONE_MODEL
2023-09-05 00:00:00,Tunisia,Tunisia,TN,358.68,475.34,3.06,3.06,EMBER + Electricity Maps Estimation,true,ESTIMATED_GENERAL_PURPOSE_ZONE_MODEL
2023-09-06 00:00:00,Tunisia,Tunisia,TN,358.70,475.37,3.06,3.06,EMBER + Electricity Maps Estimation,true,ESTIMATED_GENERAL_PURPOSE_ZONE_MODEL
2023-09-07 00:00:00,Tunisia,Tunisia,TN,363.35,481.39,1.80,1.80,EMBER + Electricity Maps Estimation,true,ESTIMATED_GENERAL_PURPOSE_ZONE_MODEL
2023-09-08 00:00:00,Tunisia,Tunisia,TN,363.68,481.82,1.71,1.71,EMBER + Electricity Maps Estimation,true,ESTIMATED_GENERAL_PURPOSE_ZONE_MODEL
2023-09-09 00:00:00,Tunisia,Tunisia,TN,369.39,489.21,0.17,0.17,EMBER + Electricity Maps Estimation,true,ESTIMATED_GENERAL_PURPOSE_ZONE_MODEL
2023-09-10 00:00:00,Tunisia,Tunisia,TN,369.47,489.31,0.14,0.14,EMBER + Electricity Maps Estimation,true,ESTIMATED_GENERAL_PURPOSE_ZONE_MODEL
2023-09-11 00:00:00,Tunisia,Tunisia,TN,369.47,489.32,0.14,0.14,EMBER + Electricity Maps Estimation,true,ESTIMATED_GENERAL_PURPOSE_ZONE_MODEL
2023-09-12 00:00:00,Tunisia,Tunisia,TN,366.48,485.44,0.95,0.95,EMBER + Electricity Maps Estimation,true,ESTIMATED_GENERAL_PURPOSE_ZONE_MODEL
2023-09-13 00:00:00,Tunisia,Tunisia,TN,367.34,486.55,0.72,0.72,EMBER + Electricity Maps Estimation,true,ESTIMATED_GENERAL_PURPOSE_ZONE_MODEL
2023-09-14 00:00:00,Tunisia,Tunisia,TN,369.54,489.40,0.12,0.12,EMBER + Electricity Maps Estimation,true,ESTIMATED_GENERAL_PURPOSE_ZONE_MODEL
2023-09-15 00:00:00,Tunisia,Tunisia,TN,369.15,488.89,0.23,0.23,EMBER + Electricity Maps Estimation,true,ESTIMATED_GENERAL_PURPOSE_ZONE_MODEL
2023-09-16 00:00:00,Tunisia,Tunisia,TN,366.95,486.06,0.82,0.82,EMBER + Electricity Maps Estimation,true,ESTIMATED_GENERAL_PURPOSE_ZONE_MODEL
2023-09-17 00:00:00,Tunisia,Tunisia,TN,365.07,483.62,1.33,1.33,EMBER + Electricity Maps Estimation,true,ESTIMATED_GENERAL_PURPOSE_ZONE_MODEL
2023-09-18 00:00:00,Tunisia,Tunisia,TN,366.40,485.34,0.97,0.97,EMBER + Electricity Maps Estimation,true,ESTIMATED_GENERAL_PURPOSE_ZONE_MODEL
2023-09-19 00:00:00,Tunisia,Tunisia,TN,366.17,485.05,1.03,1.03,EMBER + Electricity Maps Estimation,true,ESTIMATED_GENERAL_PURPOSE_ZONE_MODEL
2023-09-20 00:00:00,Tunisia,Tunisia,TN,359.65,476.60,2.80,2.80,EMBER + Electricity Maps Estimation,true,ESTIMATED_GENERAL_PURPOSE_ZONE_MODEL
2023-09-21 00:00:00,Tunisia,Tunisia,TN,362.33,480.07,2.07,2.07,EMBER + Electricity Maps Estimation,true,ESTIMATED_GENERAL_PURPOSE_ZONE_MODEL
2023-09-22 00:00:00,Tunisia,Tunisia,TN,359.29,476.14,2.89,2.89,EMBER + Electricity Maps Estimation,true,ESTIMATED_GENERAL_PURPOSE_ZONE_MODEL
2023-09-23 00:00:00,Tunisia,Tunisia,TN,357.71,474.08,3.32,3.32,EMBER + Electricity Maps Estimation,true,ESTIMATED_GENERAL_PURPOSE_ZONE_MODEL
2023-09-24 00:00:00,Tunisia,Tunisia,TN,355.82,471.64,3.83,3.83,EMBER + Electricity Maps Estimation,true,ESTIMATED_GENERAL_PURPOSE_ZONE_MODEL
2023-09-25 00:00:00,Tunisia,Tunisia,TN,368.77,488.41,0.33,0.33,EMBER + Electricity Maps Estimation,true,ESTIMATED_GENERAL_PURPOSE_ZONE_MODEL
2023-09-26 00:00:00,Tunisia,Tunisia,TN,360.42,477.59,2.59,2.59,EMBER + Electricity Maps Estimation,true,ESTIMATED_GENERAL_PURPOSE_ZONE_MODEL
2023-09-27 00:00:00,Tunisia,Tunisia,TN,357.98,474.44,3.25,3.25,EMBER + Electricity Maps Estimation,true,ESTIMATED_GENERAL_PURPOSE_ZONE_MODEL
2023-09-28 00:00:00,Tunisia,Tunisia,TN,368.53,488.10,0.40,0.40,EMBER + Electricity Maps Estimation,true,ESTIMATED_GENERAL_PURPOSE_ZONE_MODEL
2023-09-29 00:00:00,Tunisia,Tunisia,TN,369.37,489.19,0.17,0.17,EMBER + Electricity Maps Estimation,true,ESTIMATED_GENERAL_PURPOSE_ZONE_MODEL
2023-09-30 00:00:00,Tunisia,Tunisia,TN,365.93,484.73,1.10,1.10,EMBER + Electricity Maps Estimation,true,ESTIMATED_GENERAL_PURPOSE_ZONE_MODEL
2023-10-01 00:00:00,Tunisia,Tunisia,TN,362.20,479.91,2.11,2.11,EMBER + Electricity Maps Estimation,true,ESTIMATED_GENERAL_PURPOSE_ZONE_MODEL
2023-10-02 00:00:00,Tunisia,Tunisia,TN,362.53,480.33,2.02,2.02,EMBER + Electricity Maps Estimation,true,ESTIMATED_GENERAL_PURPOSE_ZONE_MODEL
2023-10-03 00:00:00,Tunisia,Tunisia,TN,363.54,481.63,1.75,1.75,EMBER + Electricity Maps Estimation,true,ESTIMATED_GENERAL_PURPOSE_ZONE_MODEL
2023-10-04 00:00:00,Tunisia,Tunisia,TN,368.85,488.51,0.31,0.31,EMBER + Electricity Maps Estimation,true,ESTIMATED_GENERAL_PURPOSE_ZONE_MODEL
2023-10-05 00:00:00,Tunisia,Tunisia,TN,368.17,487.63,0.49,0.49,EMBER + Electricity Maps Estimation,true,ESTIMATED_GENERAL_PURPOSE_ZONE_MODEL
2023-10-06 00:00:00,Tunisia,Tunisia,TN,369.12,488.86,0.24,0.24,EMBER + Electricity Maps Estimation,true,ESTIMATED_GENERAL_PURPOSE_ZONE_MODEL
2023-10-07 00:00:00,Tunisia,Tunisia,TN,369.38,489.20,0.17,0.17,EMBER + Electricity Maps Estimation,true,ESTIMATED_GENERAL_PURPOSE_ZONE_MODEL
2023-10-08 00:00:00,Tunisia,Tunisia,TN,369.43,489.26,0.15,0.15,EMBER + Electricity Maps Estimation,true,ESTIMATED_GENERAL_PURPOSE_ZONE_MODEL
2023-10-09 00:00:00,Tunisia,Tunisia,TN,369.24,489.02,0.21,0.21,EMBER + Electricity Maps Estimation,true,ESTIMATED_GENERAL_PURPOSE_ZONE_MODEL
2023-10-10 00:00:00,Tunisia,Tunisia,TN,369.17,488.92,0.22,0.22,EMBER + Electricity Maps Estimation,true,ESTIMATED_GENERAL_PURPOSE_ZONE_MODEL
2023-10-11 00:00:00,Tunisia,Tunisia,TN,369.07,488.79,0.25,0.25,EMBER + Electricity Maps Estimation,true,ESTIMATED_GENERAL_PURPOSE_ZONE_MODEL
2023-10-12 00:00:00,Tunisia,Tunisia,TN,369.16,488.91,0.23,0.23,EMBER + Electricity Maps Estimation,true,ESTIMATED_GENERAL_PURPOSE_ZONE_MODEL
2023-10-13 00:00:00,Tunisia,Tunisia,TN,369.31,489.10,0.19,0.19,EMBER + Electricity Maps Estimation,true,ESTIMATED_GENERAL_PURPOSE_ZONE_MODEL
2023-10-14 00:00:00,Tunisia,Tunisia,TN,369.48,489.33,0.14,0.14,EMBER + Electricity Maps Estimation,true,ESTIMATED_GENERAL_PURPOSE_ZONE_MODEL
2023-10-15 00:00:00,Tunisia,Tunisia,TN,369.25,489.04,0.20,0.20,EMBER + Electricity Maps Estimation,true,ESTIMATED_GENERAL_PURPOSE_ZONE_MODEL
2023-10-16 00:00:00,Tunisia,Tunisia,TN,369.39,489.21,0.16,0.16,EMBER + Electricity Maps Estimation,true,ESTIMATED_GENERAL_PURPOSE_ZONE_MODEL
2023-10-17 00:00:00,Tunisia,Tunisia,TN,367.51,486.77,0.67,0.67,EMBER + Electricity Maps Estimation,true,ESTIMATED_GENERAL_PURPOSE_ZONE_MODEL
2023-10-18 00:00:00,Tunisia,Tunisia,TN,366.01,484.83,1.08,1.08,EMBER + Electricity Maps Estimation,true,ESTIMATED_GENERAL_PURPOSE_ZONE_MODEL
2023-10-19 00:00:00,Tunisia,Tunisia,TN,363.30,481.33,1.81,1.81,EMBER + Electricity Maps Estimation,true,ESTIMATED_GENERAL_PURPOSE_ZONE_MODEL
2023-10-20 00:00:00,Tunisia,Tunisia,TN,354.54,469.98,4.18,4.18,EMBER + Electricity Maps Estimation,true,ESTIMATED_GENERAL_PURPOSE_ZONE_MODEL
2023-10-21 00:00:00,Tunisia,Tunisia,TN,357.02,473.20,3.51,3.51,EMBER + Electricity Maps Estimation,true,ESTIMATED_GENERAL_PURPOSE_ZONE_MODEL
2023-10-22 00:00:00,Tunisia,Tunisia,TN,360.05,477.12,2.69,2.69,EMBER + Electricity Maps Estimation,true,ESTIMATED_GENERAL_PURPOSE_ZONE_MODEL
2023-10-23 00:00:00,Tunisia,Tunisia,TN,369.13,488.87,0.23,0.23,EMBER + Electricity Maps Estimation,true,ESTIMATED_GENERAL_PURPOSE_ZONE_MODEL
2023-10-24 00:00:00,Tunisia,Tunisia,TN,368.68,488.30,0.36,0.36,EMBER + Electricity Maps Estimation,true,ESTIMATED_GENERAL_PURPOSE_ZONE_MODEL
2023-10-25 00:00:00,Tunisia,Tunisia,TN,360.38,477.55,2.60,2.60,EMBER + Electricity Maps Estimation,true,ESTIMATED_GENERAL_PURPOSE_ZONE_MODEL
2023-10-26 00:00:00,Tunisia,Tunisia,TN,368.07,487.50,0.52,0.52,EMBER + Electricity Maps Estimation,true,ESTIMATED_GENERAL_PURPOSE_ZONE_MODEL
2023-10-27 00:00:00,Tunisia,Tunisia,TN,365.91,484.70,1.11,1.11,EMBER + Electricity Maps Estimation,true,ESTIMATED_GENERAL_PURPOSE_ZONE_MODEL
2023-10-28 00:00:00,Tunisia,Tunisia,TN,365.54,484.23,1.21,1.21,EMBER + Electricity Maps Estimation,true,ESTIMATED_GENERAL_PURPOSE_ZONE_MODEL
2023-10-29 00:00:00,Tunisia,Tunisia,TN,358.29,474.85,3.16,3.16,EMBER + Electricity Maps Estimation,true,ESTIMATED_GENERAL_PURPOSE_ZONE_MODEL
2023-10-30 00:00:00,Tunisia,Tunisia,TN,352.26,467.03,4.79,4.79,EMBER + Electricity Maps Estimation,true,ESTIMATED_GENERAL_PURPOSE_ZONE_MODEL
2023-10-31 00:00:00,Tunisia,Tunisia,TN,363.33,481.36,1.80,1.80,EMBER + Electricity Maps Estimation,true,ESTIMATED_GENERAL_PURPOSE_ZONE_MODEL
2023-11-01 00:00:00,Tunisia,Tunisia,TN,362.74,480.60,1.96,1.96,EMBER + Electricity Maps Estimation,true,ESTIMATED_GENERAL_PURPOSE_ZONE_MODEL
2023-11-02 00:00:00,Tunisia,Tunisia,TN,357.38,473.66,3.41,3.41,EMBER + Electricity Maps Estimation,true,ESTIMATED_GENERAL_PURPOSE_ZONE_MODEL
2023-11-03 00:00:00,Tunisia,Tunisia,TN,348.66,462.38,5.77,5.77,EMBER + Electricity Maps Estimation,true,ESTIMATED_GENERAL_PURPOSE_ZONE_MODEL
2023-11-04 00:00:00,Tunisia,Tunisia,TN,358.61,475.26,3.08,3.08,EMBER + Electricity Maps Estimation,true,ESTIMATED_GENERAL_PURPOSE_ZONE_MODEL
2023-11-05 00:00:00,Tunisia,Tunisia,TN,344.57,457.07,6.87,6.87,EMBER + Electricity Maps Estimation,true,ESTIMATED_GENERAL_PURPOSE_ZONE_MODEL
2023-11-06 00:00:00,Tunisia,Tunisia,TN,366.50,485.46,0.95,0.95,EMBER + Electricity Maps Estimation,true,ESTIMATED_GENERAL_PURPOSE_ZONE_MODEL
2023-11-07 00:00:00,Tunisia,Tunisia,TN,351.29,465.78,5.06,5.06,EMBER + Electricity Maps Estimation,true,ESTIMATED_GENERAL_PURPOSE_ZONE_MODEL
2023-11-08 00:00:00,Tunisia,Tunisia,TN,343.39,455.56,7.19,7.19,EMBER + Electricity Maps Estimation,true,ESTIMATED_GENERAL_PURPOSE_ZONE_MODEL
2023-11-09 00:00:00,Tunisia,Tunisia,TN,356.09,471.99,3.76,3.76,EMBER + Electricity Maps Estimation,true,ESTIMATED_GENERAL_PURPOSE_ZONE_MODEL
2023-11-10 00:00:00,Tunisia,Tunisia,TN,361.38,478.84,2.33,2.33,EMBER + Electricity Maps Estimation,true,ESTIMATED_GENERAL_PURPOSE_ZONE_MODEL
2023-11-11 00:00:00,Tunisia,Tunisia,TN,359.18,476.00,2.92,2.92,EMBER + Electricity Maps Estimation,true,ESTIMATED_GENERAL_PURPOSE_ZONE_MODEL
2023-11-12 00:00:00,Tunisia,Tunisia,TN,362.03,479.68,2.15,2.15,EMBER + Electricity Maps Estimation,true,ESTIMATED_GENERAL_PURPOSE_ZONE_MODEL
2023-11-13 00:00:00,Tunisia,Tunisia,TN,368.55,488.12,0.39,0.39,EMBER + Electricity Maps Estimation,true,ESTIMATED_GENERAL_PURPOSE_ZONE_MODEL
2023-11-14 00:00:00,Tunisia,Tunisia,TN,368.95,488.65,0.28,0.28,EMBER + Electricity Maps Estimation,true,ESTIMATED_GENERAL_PURPOSE_ZONE_MODEL
2023-11-15 00:00:00,Tunisia,Tunisia,TN,368.94,488.63,0.29,0.29,EMBER + Electricity Maps Estimation,true,ESTIMATED_GENERAL_PURPOSE_ZONE_MODEL
2023-11-16 00:00:00,Tunisia,Tunisia,TN,369.05,488.77,0.26,0.26,EMBER + Electricity Maps Estimation,true,ESTIMATED_GENERAL_PURPOSE_ZONE_MODEL
2023-11-17 00:00:00,Tunisia,Tunisia,TN,368.75,488.39,0.34,0.34,EMBER + Electricity Maps Estimation,true,ESTIMATED_GENERAL_PURPOSE_ZONE_MODEL
2023-11-18 00:00:00,Tunisia,Tunisia,TN,358.95,475.69,2.99,2.99,EMBER + Electricity Maps Estimation,true,ESTIMATED_GENERAL_PURPOSE_ZONE_MODEL
2023-11-19 00:00:00,Tunisia,Tunisia,TN,368.27,487.76,0.47,0.47,EMBER + Electricity Maps Estimation,true,ESTIMATED_GENERAL_PURPOSE_ZONE_MODEL
2023-11-20 00:00:00,Tunisia,Tunisia,TN,368.84,488.49,0.31,0.31,EMBER + Electricity Maps Estimation,true,ESTIMATED_GENERAL_PURPOSE_ZONE_MODEL
2023-11-21 00:00:00,Tunisia,Tunisia,TN,357.32,473.59,3.43,3.43,EMBER + Electricity Maps Estimation,true,ESTIMATED_GENERAL_PURPOSE_ZONE_MODEL
2023-11-22 00:00:00,Tunisia,Tunisia,TN,347.98,461.50,5.95,5.95,EMBER + Electricity Maps Estimation,true,ESTIMATED_GENERAL_PURPOSE_ZONE_MODEL
2023-11-23 00:00:00,Tunisia,Tunisia,TN,348.69,462.42,5.76,5.76,EMBER + Electricity Maps Estimation,true,ESTIMATED_GENERAL_PURPOSE_ZONE_MODEL
2023-11-24 00:00:00,Tunisia,Tunisia,TN,349.80,463.85,5.46,5.46,EMBER + Electricity Maps Estimation,true,ESTIMATED_GENERAL_PURPOSE_ZONE_MODEL
2023-11-25 00:00:00,Tunisia,Tunisia,TN,339.39,450.37,8.27,8.27,EMBER + Electricity Maps Estimation,true,ESTIMATED_GENERAL_PURPOSE_ZONE_MODEL
2023-11-26 00:00:00,Tunisia,Tunisia,TN,364.67,483.09,1.44,1.44,EMBER + Electricity Maps Estimation,true,ESTIMATED_GENERAL_PURPOSE_ZONE_MODEL
2023-11-27 00:00:00,Tunisia,Tunisia,TN,368.32,487.83,0.45,0.45,EMBER + Electricity Maps Estimation,true,ESTIMATED_GENERAL_PURPOSE_ZONE_MODEL
2023-11-28 00:00:00,Tunisia,Tunisia,TN,347.66,461.08,6.04,6.04,EMBER + Electricity Maps Estimation,true,ESTIMATED_GENERAL_PURPOSE_ZONE_MODEL
2023-11-29 00:00:00,Tunisia,Tunisia,TN,358.18,474.70,3.19,3.19,EMBER + Electricity Maps Estimation,true,ESTIMATED_GENERAL_PURPOSE_ZONE_MODEL
2023-11-30 00:00:00,Tunisia,Tunisia,TN,357.87,474.29,3.28,3.28,EMBER + Electricity Maps Estimation,true,ESTIMATED_GENERAL_PURPOSE_ZONE_MODEL
2023-12-01 00:00:00,Tunisia,Tunisia,TN,353.53,468.68,4.45,4.45,EMBER + Electricity Maps Estimation,true,ESTIMATED_GENERAL_PURPOSE_ZONE_MODEL
2023-12-02 00:00:00,Tunisia,Tunisia,TN,355.07,470.67,4.03,4.03,EMBER + Electricity Maps Estimation,true,ESTIMATED_GENERAL_PURPOSE_ZONE_MODEL
2023-12-03 00:00:00,Tunisia,Tunisia,TN,352.95,467.93,4.61,4.61,EMBER + Electricity Maps Estimation,true,ESTIMATED_GENERAL_PURPOSE_ZONE_MODEL
2023-12-04 00:00:00,Tunisia,Tunisia,TN,367.57,486.85,0.66,0.66,EMBER + Electricity Maps Estimation,true,ESTIMATED_GENERAL_PURPOSE_ZONE_MODEL
2023-12-05 00:00:00,Tunisia,Tunisia,TN,362.87,480.77,1.93,1.93,EMBER + Electricity Maps Estimation,true,ESTIMATED_GENERAL_PURPOSE_ZONE_MODEL
2023-12-06 00:00:00,Tunisia,Tunisia,TN,366.25,485.14,1.01,1.01,EMBER + Electricity Maps Estimation,true,ESTIMATED_GENERAL_PURPOSE_ZONE_MODEL
2023-12-07 00:00:00,Tunisia,Tunisia,TN,363.06,481.01,1.88,1.88,EMBER + Electricity Maps Estimation,true,ESTIMATED_GENERAL_PURPOSE_ZONE_MODEL
2023-12-08 00:00:00,Tunisia,Tunisia,TN,361.92,479.54,2.18,2.18,EMBER + Electricity Maps Estimation,true,ESTIMATED_GENERAL_PURPOSE_ZONE_MODEL
2023-12-09 00:00:00,Tunisia,Tunisia,TN,351.48,466.02,5.01,5.01,EMBER + Electricity Maps Estimation,true,ESTIMATED_GENERAL_PURPOSE_ZONE_MODEL
2023-12-10 00:00:00,Tunisia,Tunisia,TN,351.61,466.19,4.97,4.97,EMBER + Electricity Maps Estimation,true,ESTIMATED_GENERAL_PURPOSE_ZONE_MODEL
2023-12-11 00:00:00,Tunisia,Tunisia,TN,366.74,485.78,0.88,0.88,EMBER + Electricity Maps Estimation,true,ESTIMATED_GENERAL_PURPOSE_ZONE_MODEL
2023-12-12 00:00:00,Tunisia,Tunisia,TN,367.74,487.08,0.61,0.61,EMBER + Electricity Maps Estimation,true,ESTIMATED_GENERAL_PURPOSE_ZONE_MODEL
2023-12-13 00:00:00,Tunisia,Tunisia,TN,355.69,471.48,3.87,3.87,EMBER + Electricity Maps Estimation,true,ESTIMATED_GENERAL_PURPOSE_ZONE_MODEL
2023-12-14 00:00:00,Tunisia,Tunisia,TN,357.73,474.12,3.32,3.32,EMBER + Electricity Maps Estimation,true,ESTIMATED_GENERAL_PURPOSE_ZONE_MODEL
2023-12-15 00:00:00,Tunisia,Tunisia,TN,356.97,473.13,3.52,3.52,EMBER + Electricity Maps Estimation,true,ESTIMATED_GENERAL_PURPOSE_ZONE_MODEL
2023-12-16 00:00:00,Tunisia,Tunisia,TN,355.73,471.52,3.86,3.86,EMBER + Electricity Maps Estimation,true,ESTIMATED_GENERAL_PURPOSE_ZONE_MODEL
2023-12-17 00:00:00,Tunisia,Tunisia,TN,356.68,472.75,3.60,3.60,EMBER + Electricity Maps Estimation,true,ESTIMATED_GENERAL_PURPOSE_ZONE_MODEL
2023-12-18 00:00:00,Tunisia,Tunisia,TN,359.20,476.02,2.92,2.92,EMBER + Electricity Maps Estimation,true,ESTIMATED_GENERAL_PURPOSE_ZONE_MODEL
2023-12-19 00:00:00,Tunisia,Tunisia,TN,359.54,476.46,2.83,2.83,EMBER + Electricity Maps Estimation,true,ESTIMATED_GENERAL_PURPOSE_ZONE_MODEL
2023-12-20 00:00:00,Tunisia,Tunisia,TN,358.04,474.52,3.23,3.23,EMBER + Electricity Maps Estimation,true,ESTIMATED_GENERAL_PURPOSE_ZONE_MODEL
2023-12-21 00:00:00,Tunisia,Tunisia,TN,357.81,474.21,3.29,3.29,EMBER + Electricity Maps Estimation,true,ESTIMATED_GENERAL_PURPOSE_ZONE_MODEL
2023-12-22 00:00:00,Tunisia,Tunisia,TN,357.09,473.29,3.49,3.49,EMBER + Electricity Maps Estimation,true,ESTIMATED_GENERAL_PURPOSE_ZONE_MODEL
2023-12-23 00:00:00,Tunisia,Tunisia,TN,355.97,471.84,3.79,3.79,EMBER + Electricity Maps Estimation,true,ESTIMATED_GENERAL_PURPOSE_ZONE_MODEL
2023-12-24 00:00:00,Tunisia,Tunisia,TN,368.94,488.63,0.29,0.29,EMBER + Electricity Maps Estimation,true,ESTIMATED_GENERAL_PURPOSE_ZONE_MODEL
2023-12-25 00:00:00,Tunisia,Tunisia,TN,369.29,489.07,0.19,0.19,EMBER + Electricity Maps Estimation,true,ESTIMATED_GENERAL_PURPOSE_ZONE_MODEL
2023-12-26 00:00:00,Tunisia,Tunisia,TN,369.55,489.41,0.12,0.12,EMBER + Electricity Maps Estimation,true,ESTIMATED_GENERAL_PURPOSE_ZONE_MODEL
2023-12-27 00:00:00,Tunisia,Tunisia,TN,369.31,489.10,0.19,0.19,EMBER + Electricity Maps Estimation,true,ESTIMATED_GENERAL_PURPOSE_ZONE_MODEL
2023-12-28 00:00:00,Tunisia,Tunisia,TN,369.06,488.78,0.25,0.25,EMBER + Electricity Maps Estimation,true,ESTIMATED_GENERAL_PURPOSE_ZONE_MODEL
2023-12-29 00:00:00,Tunisia,Tunisia,TN,369.26,489.05,0.20,0.20,EMBER + Electricity Maps Estimation,true,ESTIMATED_GENERAL_PURPOSE_ZONE_MODEL
2023-12-30 00:00:00,Tunisia,Tunisia,TN,369.42,489.24,0.16,0.16,EMBER + Electricity Maps Estimation,true,ESTIMATED_GENERAL_PURPOSE_ZONE_MODEL
2023-12-31 00:00:00,Tunisia,Tunisia,TN,369.37,489.19,0.17,0.17,EMBER + Electricity Maps Estimation,true,ESTIMATED_GENERAL_PURPOSE_ZONE_MODEL
