Datetime (UTC),Country,Zone name,Zone id,Carbon intensity gCO₂eq/kWh (direct),Carbon intensity gCO₂eq/kWh (Life cycle),Carbon-free energy percentage (CFE%),Renewable energy percentage (RE%),Data source,Data estimated,Data estimation method
2022-01-01 00:00:00,Tunisia,Tunisia,TN,368.05,487.48,0.53,0.53,EMBER + Electricity Maps Estimation,true,ESTIMATED_GENERAL_PURPOSE_ZONE_MODEL
2022-01-02 00:00:00,Tunisia,Tunisia,TN,368.34,487.86,0.45,0.45,Electricity Maps Estimation; EMBER + Electricity Maps Estimation,true,ESTIMATED_GENERAL_PURPOSE_ZONE_MODEL
2022-01-03 00:00:00,Tunisia,Tunisia,TN,368.59,488.18,0.38,0.38,Electricity Maps Estimation,true,ESTIMATED_GENERAL_PURPOSE_ZONE_MODEL
2022-01-04 00:00:00,Tunisia,Tunisia,TN,367.48,486.74,0.68,0.68,Electricity Maps Estimation,true,ESTIMATED_GENERAL_PURPOSE_ZONE_MODEL
2022-01-05 00:00:00,Tunisia,Tunisia,TN,353.71,468.92,4.40,4.40,Electricity Maps Estimation,true,ESTIMATED_GENERAL_PURPOSE_ZONE_MODEL
2022-01-06 00:00:00,Tunisia,Tunisia,TN,356.07,471.96,3.77,3.77,Electricity Maps Estimation,true,ESTIMATED_GENERAL_PURPOSE_ZONE_MODEL
2022-01-07 00:00:00,Tunisia,Tunisia,TN,354.64,470.11,4.15,4.15,Electricity Maps Estimation,true,ESTIMATED_GENERAL_PURPOSE_ZONE_MODEL
2022-01-08 00:00:00,Tunisia,Tunisia,TN,349.19,463.06,5.63,5.63,Electricity Maps Estimation,true,ESTIMATED_GENERAL_PURPOSE_ZONE_MODEL
2022-01-09 00:00:00,Tunisia,Tunisia,TN,348.76,462.50,5.74,5.74,Electricity Maps Estimation,true,ESTIMATED_GENERAL_PURPOSE_ZONE_MODEL
2022-01-10 00:00:00,Tunisia,Tunisia,TN,350.93,465.31,5.16,5.16,Electricity Maps Estimation,true,ESTIMATED_GENERAL_PURPOSE_ZONE_MODEL
2022-01-11 00:00:00,Tunisia,Tunisia,TN,354.09,469.40,4.30,4.30,Electricity Maps Estimation,true,ESTIMATED_GENERAL_PURPOSE_ZONE_MODEL
2022-01-12 00:00:00,Tunisia,Tunisia,TN,355.45,471.16,3.93,3.93,Electricity Maps Estimation,true,ESTIMATED_GENERAL_PURPOSE_ZONE_MODEL
2022-01-13 00:00:00,Tunisia,Tunisia,TN,356.65,472.72,3.61,3.61,Electricity Maps Estimation,true,ESTIMATED_GENERAL_PURPOSE_ZONE_MODEL
2022-01-14 00:00:00,Tunisia,Tunisia,TN,357.96,474.42,3.25,3.25,Electricity Maps Estimation,true,ESTIMATED_GENERAL_PURPOSE_ZONE_MODEL
2022-01-15 00:00:00,Tunisia,Tunisia,TN,368.80,488.45,0.33,0.33,Electricity Maps Estimation,true,ESTIMATED_GENERAL_PURPOSE_ZONE_MODEL
2022-01-16 00:00:00,Tunisia,Tunisia,TN,368.97,488.66,0.28,0.28,Electricity Maps Estimation,true,ESTIMATED_GENERAL_PURPOSE_ZONE_MODEL
2022-01-17 00:00:00,Tunisia,Tunisia,TN,368.83,488.48,0.32,0.32,Electricity Maps Estimation,true,ESTIMATED_GENERAL_PURPOSE_ZONE_MODEL
2022-01-18 00:00:00,Tunisia,Tunisia,TN,369.07,488.79,0.25,0.25,Electricity Maps Estimation,true,ESTIMATED_GENERAL_PURPOSE_ZONE_MODEL
2022-01-19 00:00:00,Tunisia,Tunisia,TN,369.27,489.05,0.20,0.20,Electricity Maps Estimation,true,ESTIMATED_GENERAL_PURPOSE_ZONE_MODEL
2022-01-20 00:00:00,Tunisia,Tunisia,TN,368.66,488.26,0.36,0.36,Electricity Maps Estimation,true,ESTIMATED_GENERAL_PURPOSE_ZONE_MODEL
2022-01-21 00:00:00,Tunisia,Tunisia,TN,367.38,486.61,0.71,0.71,Electricity Maps Estimation,true,ESTIMATED_GENERAL_PURPOSE_ZONE_MODEL
2022-01-22 00:00:00,Tunisia,Tunisia,TN,361.76,479.33,2.23,2.23,Electricity Maps Estimation,true,ESTIMATED_GENERAL_PURPOSE_ZONE_MODEL
2022-01-23 00:00:00,Tunisia,Tunisia,TN,363.78,481.95,1.68,1.68,Electricity Maps Estimation,true,ESTIMATED_GENERAL_PURPOSE_ZONE_MODEL
2022-01-24 00:00:00,Tunisia,Tunisia,TN,369.20,488.97,0.22,0.22,Electricity Maps Estimation,true,ESTIMATED_GENERAL_PURPOSE_ZONE_MODEL
2022-01-25 00:00:00,Tunisia,Tunisia,TN,359.02,475.79,2.97,2.97,Electricity Maps Estimation,true,ESTIMATED_GENERAL_PURPOSE_ZONE_MODEL
2022-01-26 00:00:00,Tunisia,Tunisia,TN,369.11,488.84,0.24,0.24,Electricity Maps Estimation,true,ESTIMATED_GENERAL_PURPOSE_ZONE_MODEL
2022-01-27 00:00:00,Tunisia,Tunisia,TN,368.63,488.22,0.37,0.37,Electricity Maps Estimation,true,ESTIMATED_GENERAL_PURPOSE_ZONE_MODEL
2022-01-28 00:00:00,Tunisia,Tunisia,TN,368.49,488.05,0.41,0.41,Electricity Maps Estimation,true,ESTIMATED_GENERAL_PURPOSE_ZONE_MODEL
2022-01-29 00:00:00,Tunisia,Tunisia,TN,367.07,486.21,0.79,0.79,Electricity Maps Estimation,true,ESTIMATED_GENERAL_PURPOSE_ZONE_MODEL
2022-01-30 00:00:00,Tunisia,Tunisia,TN,367.40,486.63,0.70,0.70,Electricity Maps Estimation,true,ESTIMATED_GENERAL_PURPOSE_ZONE_MODEL
2022-01-31 00:00:00,Tunisia,Tunisia,TN,356.12,472.02,3.75,3.75,Electricity Maps Estimation,true,ESTIMATED_GENERAL_PURPOSE_ZONE_MODEL
2022-02-01 00:00:00,Tunisia,Tunisia,TN,345.38,458.12,6.66,6.66,Electricity Maps Estimation,true,ESTIMATED_GENERAL_PURPOSE_ZONE_MODEL
2022-02-02 00:00:00,Tunisia,Tunisia,TN,351.56,466.12,4.98,4.98,Electricity Maps Estimation,true,ESTIMATED_GENERAL_PURPOSE_ZONE_MODEL
2022-02-03 00:00:00,Tunisia,Tunisia,TN,364.88,483.38,1.38,1.38,Electricity Maps Estimation,true,ESTIMATED_GENERAL_PURPOSE_ZONE_MODEL
2022-02-04 00:00:00,Tunisia,Tunisia,TN,360.27,477.40,2.63,2.63,Electricity Maps Estimation,true,ESTIMATED_GENERAL_PURPOSE_ZONE_MODEL
2022-02-05 00:00:00,Tunisia,Tunisia,TN,365.83,484.60,1.13,1.13,Electricity Maps Estimation,true,ESTIMATED_GENERAL_PURPOSE_ZONE_MODEL
2022-02-06 00:00:00,Tunisia,Tunisia,TN,366.55,485.53,0.93,0.93,Electricity Maps Estimation,true,ESTIMATED_GENERAL_PURPOSE_ZONE_MODEL
2022-02-07 00:00:00,Tunisia,Tunisia,TN,359.97,477.02,2.71,2.71,Electricity Maps Estimation,true,ESTIMATED_GENERAL_PURPOSE_ZONE_MODEL
2022-02-08 00:00:00,Tunisia,Tunisia,TN,350.07,464.20,5.39,5.39,Electricity Maps Estimation,true,ESTIMATED_GENERAL_PURPOSE_ZONE_MODEL
2022-02-09 00:00:00,Tunisia,Tunisia,TN,363.84,482.03,1.67,1.67,Electricity Maps Estimation,true,ESTIMATED_GENERAL_PURPOSE_ZONE_MODEL
2022-02-10 00:00:00,Tunisia,Tunisia,TN,367.95,487.34,0.55,0.55,Electricity Maps Estimation,true,ESTIMATED_GENERAL_PURPOSE_ZONE_MODEL
2022-02-11 00:00:00,Tunisia,Tunisia,TN,368.75,488.39,0.34,0.34,Electricity Maps Estimation,true,ESTIMATED_GENERAL_PURPOSE_ZONE_MODEL
2022-02-12 00:00:00,Tunisia,Tunisia,TN,368.32,487.83,0.45,0.45,Electricity Maps Estimation,true,ESTIMATED_GENERAL_PURPOSE_ZONE_MODEL
2022-02-13 00:00:00,Tunisia,Tunisia,TN,359.77,476.75,2.77,2.77,Electricity Maps Estimation,true,ESTIMATED_GENERAL_PURPOSE_ZONE_MODEL
2022-02-14 00:00:00,Tunisia,Tunisia,TN,347.58,460.98,6.06,6.06,Electricity Maps Estimation,true,ESTIMATED_GENERAL_PURPOSE_ZONE_MODEL
2022-02-15 00:00:00,Tunisia,Tunisia,TN,349.06,462.88,5.66,5.66,Electricity Maps Estimation,true,ESTIMATED_GENERAL_PURPOSE_ZONE_MODEL
2022-02-16 00:00:00,Tunisia,Tunisia,TN,349.84,463.91,5.45,5.45,Electricity Maps Estimation,true,ESTIMATED_GENERAL_PURPOSE_ZONE_MODEL
2022-02-17 00:00:00,Tunisia,Tunisia,TN,348.15,461.72,5.90,5.90,Electricity Maps Estimation,true,ESTIMATED_GENERAL_PURPOSE_ZONE_MODEL
2022-02-18 00:00:00,Tunisia,Tunisia,TN,366.77,485.82,0.87,0.87,Electricity Maps Estimation,true,ESTIMATED_GENERAL_PURPOSE_ZONE_MODEL
2022-02-19 00:00:00,Tunisia,Tunisia,TN,361.12,478.51,2.40,2.40,Electricity Maps Estimation,true,ESTIMATED_GENERAL_PURPOSE_ZONE_MODEL
2022-02-20 00:00:00,Tunisia,Tunisia,TN,348.10,461.64,5.92,5.92,Electricity Maps Estimation,true,ESTIMATED_GENERAL_PURPOSE_ZONE_MODEL
2022-02-21 00:00:00,Tunisia,Tunisia,TN,351.84,466.49,4.91,4.91,Electricity Maps Estimation,true,ESTIMATED_GENERAL_PURPOSE_ZONE_MODEL
2022-02-22 00:00:00,Tunisia,Tunisia,TN,346.30,459.32,6.41,6.41,Electricity Maps Estimation,true,ESTIMATED_GENERAL_PURPOSE_ZONE_MODEL
2022-02-23 00:00:00,Tunisia,Tunisia,TN,353.56,468.71,4.44,4.44,Electricity Maps Estimation,true,ESTIMATED_GENERAL_PURPOSE_ZONE_MODEL
2022-02-24 00:00:00,Tunisia,Tunisia,TN,368.42,487.95,0.43,0.43,Electricity Maps Estimation,true,ESTIMATED_GENERAL_PURPOSE_ZONE_MODEL
2022-02-25 00:00:00,Tunisia,Tunisia,TN,368.40,487.94,0.43,0.43,Electricity Maps Estimation,true,ESTIMATED_GENERAL_PURPOSE_ZONE_MODEL
2022-02-26 00:00:00,Tunisia,Tunisia,TN,368.51,488.08,0.40,0.40,Electricity Maps Estimation,true,ESTIMATED_GENERAL_PURPOSE_ZONE_MODEL
2022-02-27 00:00:00,Tunisia,Tunisia,TN,367.90,487.28,0.57,0.57,Electricity Maps Estimation,true,ESTIMATED_GENERAL_PURPOSE_ZONE_MODEL
2022-02-28 00:00:00,Tunisia,Tunisia,TN,357.76,474.15,3.31,3.31,Electricity Maps Estimation,true,ESTIMATED_GENERAL_PURPOSE_ZONE_MODEL
2022-03-01 00:00:00,Tunisia,Tunisia,TN,361.11,478.49,2.40,2.40,Electricity Maps Estimation,true,ESTIMATED_GENERAL_PURPOSE_ZONE_MODEL
2022-03-02 00:00:00,Tunisia,Tunisia,TN,367.07,486.20,0.79,0.79,Electricity Maps Estimation,true,ESTIMATED_GENERAL_PURPOSE_ZONE_MODEL
2022-03-03 00:00:00,Tunisia,Tunisia,TN,368.87,488.54,0.30,0.30,Electricity Maps Estimation,true,ESTIMATED_GENERAL_PURPOSE_ZONE_MODEL
2022-03-04 00:00:00,Tunisia,Tunisia,TN,369.08,488.81,0.25,0.25,Electricity Maps Estimation,true,ESTIMATED_GENERAL_PURPOSE_ZONE_MODEL
2022-03-05 00:00:00,Tunisia,Tunisia,TN,360.85,478.16,2.47,2.47,Electricity Maps Estimation,true,ESTIMATED_GENERAL_PURPOSE_ZONE_MODEL
2022-03-06 00:00:00,Tunisia,Tunisia,TN,369.20,488.97,0.21,0.21,Electricity Maps Estimation,true,ESTIMATED_GENERAL_PURPOSE_ZONE_MODEL
2022-03-07 00:00:00,Tunisia,Tunisia,TN,364.76,483.22,1.42,1.42,Electricity Maps Estimation,true,ESTIMATED_GENERAL_PURPOSE_ZONE_MODEL
2022-03-08 00:00:00,Tunisia,Tunisia,TN,364.19,482.48,1.57,1.57,Electricity Maps Estimation,true,ESTIMATED_GENERAL_PURPOSE_ZONE_MODEL
2022-03-09 00:00:00,Tunisia,Tunisia,TN,367.09,486.23,0.79,0.79,Electricity Maps Estimation,true,ESTIMATED_GENERAL_PURPOSE_ZONE_MODEL
2022-03-10 00:00:00,Tunisia,Tunisia,TN,369.30,489.09,0.19,0.19,Electricity Maps Estimation,true,ESTIMATED_GENERAL_PURPOSE_ZONE_MODEL
2022-03-11 00:00:00,Tunisia,Tunisia,TN,369.19,488.95,0.22,0.22,Electricity Maps Estimation,true,ESTIMATED_GENERAL_PURPOSE_ZONE_MODEL
2022-03-12 00:00:00,Tunisia,Tunisia,TN,361.55,479.06,2.28,2.28,Electricity Maps Estimation,true,ESTIMATED_GENERAL_PURPOSE_ZONE_MODEL
2022-03-13 00:00:00,Tunisia,Tunisia,TN,361.78,479.36,2.22,2.22,Electricity Maps Estimation,true,ESTIMATED_GENERAL_PURPOSE_ZONE_MODEL
2022-03-14 00:00:00,Tunisia,Tunisia,TN,356.96,473.11,3.53,3.53,Electricity Maps Estimation,true,ESTIMATED_GENERAL_PURPOSE_ZONE_MODEL
2022-03-15 00:00:00,Tunisia,Tunisia,TN,356.16,472.08,3.74,3.74,Electricity Maps Estimation,true,ESTIMATED_GENERAL_PURPOSE_ZONE_MODEL
2022-03-16 00:00:00,Tunisia,Tunisia,TN,356.01,471.89,3.78,3.78,Electricity Maps Estimation,true,ESTIMATED_GENERAL_PURPOSE_ZONE_MODEL
2022-03-17 00:00:00,Tunisia,Tunisia,TN,357.09,473.28,3.49,3.49,Electricity Maps Estimation,true,ESTIMATED_GENERAL_PURPOSE_ZONE_MODEL
2022-03-18 00:00:00,Tunisia,Tunisia,TN,362.72,480.58,1.97,1.97,Electricity Maps Estimation,true,ESTIMATED_GENERAL_PURPOSE_ZONE_MODEL
2022-03-19 00:00:00,Tunisia,Tunisia,TN,358.22,474.75,3.18,3.18,Electricity Maps Estimation,true,ESTIMATED_GENERAL_PURPOSE_ZONE_MODEL
2022-03-20 00:00:00,Tunisia,Tunisia,TN,356.49,472.52,3.65,3.65,Electricity Maps Estimation,true,ESTIMATED_GENERAL_PURPOSE_ZONE_MODEL
2022-03-21 00:00:00,Tunisia,Tunisia,TN,360.21,477.33,2.64,2.64,Electricity Maps Estimation,true,ESTIMATED_GENERAL_PURPOSE_ZONE_MODEL
2022-03-22 00:00:00,Tunisia,Tunisia,TN,361.41,478.88,2.32,2.32,Electricity Maps Estimation,true,ESTIMATED_GENERAL_PURPOSE_ZONE_MODEL
2022-03-23 00:00:00,Tunisia,Tunisia,TN,363.01,480.95,1.89,1.89,Electricity Maps Estimation,true,ESTIMATED_GENERAL_PURPOSE_ZONE_MODEL
2022-03-24 00:00:00,Tunisia,Tunisia,TN,358.85,475.56,3.01,3.01,Electricity Maps Estimation,true,ESTIMATED_GENERAL_PURPOSE_ZONE_MODEL
2022-03-25 00:00:00,Tunisia,Tunisia,TN,356.88,473.01,3.55,3.55,Electricity Maps Estimation,true,ESTIMATED_GENERAL_PURPOSE_ZONE_MODEL
2022-03-26 00:00:00,Tunisia,Tunisia,TN,351.02,465.43,5.13,5.13,Electricity Maps Estimation,true,ESTIMATED_GENERAL_PURPOSE_ZONE_MODEL
2022-03-27 00:00:00,Tunisia,Tunisia,TN,359.72,476.69,2.78,2.78,Electricity Maps Estimation,true,ESTIMATED_GENERAL_PURPOSE_ZONE_MODEL
2022-03-28 00:00:00,Tunisia,Tunisia,TN,369.31,489.11,0.19,0.19,Electricity Maps Estimation,true,ESTIMATED_GENERAL_PURPOSE_ZONE_MODEL
2022-03-29 00:00:00,Tunisia,Tunisia,TN,360.82,478.12,2.48,2.48,Electricity Maps Estimation,true,ESTIMATED_GENERAL_PURPOSE_ZONE_MODEL
2022-03-30 00:00:00,Tunisia,Tunisia,TN,360.47,477.67,2.58,2.58,Electricity Maps Estimation,true,ESTIMATED_GENERAL_PURPOSE_ZONE_MODEL
2022-03-31 00:00:00,Tunisia,Tunisia,TN,359.58,476.51,2.82,2.82,Electricity Maps Estimation,true,ESTIMATED_GENERAL_PURPOSE_ZONE_MODEL
2022-04-01 00:00:00,Tunisia,Tunisia,TN,361.76,479.33,2.23,2.23,Electricity Maps Estimation,true,ESTIMATED_GENERAL_PURPOSE_ZONE_MODEL
2022-04-02 00:00:00,Tunisia,Tunisia,TN,359.59,476.52,2.81,2.81,Electricity Maps Estimation,true,ESTIMATED_GENERAL_PURPOSE_ZONE_MODEL
2022-04-03 00:00:00,Tunisia,Tunisia,TN,357.60,473.95,3.35,3.35,Electricity Maps Estimation,true,ESTIMATED_GENERAL_PURPOSE_ZONE_MODEL
2022-04-04 00:00:00,Tunisia,Tunisia,TN,360.32,477.47,2.61,2.61,Electricity Maps Estimation,true,ESTIMATED_GENERAL_PURPOSE_ZONE_MODEL
2022-04-05 00:00:00,Tunisia,Tunisia,TN,364.13,482.41,1.58,1.58,Electricity Maps Estimation,true,ESTIMATED_GENERAL_PURPOSE_ZONE_MODEL
2022-04-06 00:00:00,Tunisia,Tunisia,TN,362.51,480.31,2.02,2.02,Electricity Maps Estimation,true,ESTIMATED_GENERAL_PURPOSE_ZONE_MODEL
2022-04-07 00:00:00,Tunisia,Tunisia,TN,359.97,477.02,2.71,2.71,Electricity Maps Estimation,true,ESTIMATED_GENERAL_PURPOSE_ZONE_MODEL
2022-04-08 00:00:00,Tunisia,Tunisia,TN,367.24,486.43,0.75,0.75,Electricity Maps Estimation,true,ESTIMATED_GENERAL_PURPOSE_ZONE_MODEL
2022-04-09 00:00:00,Tunisia,Tunisia,TN,365.62,484.32,1.18,1.18,Electricity Maps Estimation,true,ESTIMATED_GENERAL_PURPOSE_ZONE_MODEL
2022-04-10 00:00:00,Tunisia,Tunisia,TN,358.29,474.84,3.16,3.16,Electricity Maps Estimation,true,ESTIMATED_GENERAL_PURPOSE_ZONE_MODEL
2022-04-11 00:00:00,Tunisia,Tunisia,TN,360.24,477.36,2.64,2.64,Electricity Maps Estimation,true,ESTIMATED_GENERAL_PURPOSE_ZONE_MODEL
2022-04-12 00:00:00,Tunisia,Tunisia,TN,360.93,478.26,2.45,2.45,Electricity Maps Estimation,true,ESTIMATED_GENERAL_PURPOSE_ZONE_MODEL
2022-04-13 00:00:00,Tunisia,Tunisia,TN,361.83,479.42,2.21,2.21,Electricity Maps Estimation,true,ESTIMATED_GENERAL_PURPOSE_ZONE_MODEL
2022-04-14 00:00:00,Tunisia,Tunisia,TN,362.25,479.97,2.09,2.09,Electricity Maps Estimation,true,ESTIMATED_GENERAL_PURPOSE_ZONE_MODEL
2022-04-15 00:00:00,Tunisia,Tunisia,TN,362.84,480.73,1.94,1.94,Electricity Maps Estimation,true,ESTIMATED_GENERAL_PURPOSE_ZONE_MODEL
2022-04-16 00:00:00,Tunisia,Tunisia,TN,360.21,477.33,2.65,2.65,Electricity Maps Estimation,true,ESTIMATED_GENERAL_PURPOSE_ZONE_MODEL
2022-04-17 00:00:00,Tunisia,Tunisia,TN,357.56,473.90,3.36,3.36,Electricity Maps Estimation,true,ESTIMATED_GENERAL_PURPOSE_ZONE_MODEL
2022-04-18 00:00:00,Tunisia,Tunisia,TN,362.17,479.86,2.12,2.12,Electricity Maps Estimation,true,ESTIMATED_GENERAL_PURPOSE_ZONE_MODEL
2022-04-19 00:00:00,Tunisia,Tunisia,TN,367.70,487.02,0.62,0.62,Electricity Maps Estimation,true,ESTIMATED_GENERAL_PURPOSE_ZONE_MODEL
2022-04-20 00:00:00,Tunisia,Tunisia,TN,362.35,480.10,2.07,2.07,Electricity Maps Estimation,true,ESTIMATED_GENERAL_PURPOSE_ZONE_MODEL
2022-04-21 00:00:00,Tunisia,Tunisia,TN,361.95,479.58,2.17,2.17,Electricity Maps Estimation,true,ESTIMATED_GENERAL_PURPOSE_ZONE_MODEL
2022-04-22 00:00:00,Tunisia,Tunisia,TN,364.30,482.62,1.54,1.54,Electricity Maps Estimation,true,ESTIMATED_GENERAL_PURPOSE_ZONE_MODEL
2022-04-23 00:00:00,Tunisia,Tunisia,TN,367.74,487.07,0.61,0.61,Electricity Maps Estimation,true,ESTIMATED_GENERAL_PURPOSE_ZONE_MODEL
2022-04-24 00:00:00,Tunisia,Tunisia,TN,365.64,484.36,1.18,1.18,Electricity Maps Estimation,true,ESTIMATED_GENERAL_PURPOSE_ZONE_MODEL
2022-04-25 00:00:00,Tunisia,Tunisia,TN,361.75,479.32,2.23,2.23,Electricity Maps Estimation,true,ESTIMATED_GENERAL_PURPOSE_ZONE_MODEL
2022-04-26 00:00:00,Tunisia,Tunisia,TN,360.57,477.79,2.55,2.55,Electricity Maps Estimation,true,ESTIMATED_GENERAL_PURPOSE_ZONE_MODEL
2022-04-27 00:00:00,Tunisia,Tunisia,TN,361.81,479.40,2.21,2.21,Electricity Maps Estimation,true,ESTIMATED_GENERAL_PURPOSE_ZONE_MODEL
2022-04-28 00:00:00,Tunisia,Tunisia,TN,362.05,479.71,2.15,2.15,Electricity Maps Estimation,true,ESTIMATED_GENERAL_PURPOSE_ZONE_MODEL
2022-04-29 00:00:00,Tunisia,Tunisia,TN,362.05,479.70,2.15,2.15,Electricity Maps Estimation,true,ESTIMATED_GENERAL_PURPOSE_ZONE_MODEL
2022-04-30 00:00:00,Tunisia,Tunisia,TN,359.68,476.63,2.79,2.79,Electricity Maps Estimation,true,ESTIMATED_GENERAL_PURPOSE_ZONE_MODEL
2022-05-01 00:00:00,Tunisia,Tunisia,TN,360.42,477.60,2.59,2.59,Electricity Maps Estimation,true,ESTIMATED_GENERAL_PURPOSE_ZONE_MODEL
2022-05-02 00:00:00,Tunisia,Tunisia,TN,369.34,489.14,0.18,0.18,Electricity Maps Estimation,true,ESTIMATED_GENERAL_PURPOSE_ZONE_MODEL
2022-05-03 00:00:00,Tunisia,Tunisia,TN,368.58,488.17,0.38,0.38,Electricity Maps Estimation,true,ESTIMATED_GENERAL_PURPOSE_ZONE_MODEL
2022-05-04 00:00:00,Tunisia,Tunisia,TN,363.82,482.00,1.67,1.67,Electricity Maps Estimation,true,ESTIMATED_GENERAL_PURPOSE_ZONE_MODEL
2022-05-05 00:00:00,Tunisia,Tunisia,TN,363.55,481.66,1.74,1.74,Electricity Maps Estimation,true,ESTIMATED_GENERAL_PURPOSE_ZONE_MODEL
2022-05-06 00:00:00,Tunisia,Tunisia,TN,363.81,481.98,1.67,1.67,Electricity Maps Estimation,true,ESTIMATED_GENERAL_PURPOSE_ZONE_MODEL
2022-05-07 00:00:00,Tunisia,Tunisia,TN,363.38,481.43,1.79,1.79,Electricity Maps Estimation,true,ESTIMATED_GENERAL_PURPOSE_ZONE_MODEL
2022-05-08 00:00:00,Tunisia,Tunisia,TN,363.04,480.99,1.88,1.88,Electricity Maps Estimation,true,ESTIMATED_GENERAL_PURPOSE_ZONE_MODEL
2022-05-09 00:00:00,Tunisia,Tunisia,TN,364.78,483.24,1.41,1.41,Electricity Maps Estimation,true,ESTIMATED_GENERAL_PURPOSE_ZONE_MODEL
2022-05-10 00:00:00,Tunisia,Tunisia,TN,365.44,484.10,1.23,1.23,Electricity Maps Estimation,true,ESTIMATED_GENERAL_PURPOSE_ZONE_MODEL
2022-05-11 00:00:00,Tunisia,Tunisia,TN,366.31,485.23,1.00,1.00,Electricity Maps Estimation,true,ESTIMATED_GENERAL_PURPOSE_ZONE_MODEL
2022-05-12 00:00:00,Tunisia,Tunisia,TN,369.66,489.56,0.09,0.09,Electricity Maps Estimation,true,ESTIMATED_GENERAL_PURPOSE_ZONE_MODEL
2022-05-13 00:00:00,Tunisia,Tunisia,TN,369.71,489.62,0.08,0.08,Electricity Maps Estimation,true,ESTIMATED_GENERAL_PURPOSE_ZONE_MODEL
2022-05-14 00:00:00,Tunisia,Tunisia,TN,369.70,489.62,0.08,0.08,Electricity Maps Estimation,true,ESTIMATED_GENERAL_PURPOSE_ZONE_MODEL
2022-05-15 00:00:00,Tunisia,Tunisia,TN,369.70,489.61,0.08,0.08,Electricity Maps Estimation,true,ESTIMATED_GENERAL_PURPOSE_ZONE_MODEL
2022-05-16 00:00:00,Tunisia,Tunisia,TN,369.77,489.70,0.06,0.06,Electricity Maps Estimation,true,ESTIMATED_GENERAL_PURPOSE_ZONE_MODEL
2022-05-17 00:00:00,Tunisia,Tunisia,TN,369.51,489.36,0.13,0.13,Electricity Maps Estimation,true,ESTIMATED_GENERAL_PURPOSE_ZONE_MODEL
2022-05-18 00:00:00,Tunisia,Tunisia,TN,368.73,488.35,0.34,0.34,Electricity Maps Estimation,true,ESTIMATED_GENERAL_PURPOSE_ZONE_MODEL
2022-05-19 00:00:00,Tunisia,Tunisia,TN,367.52,486.79,0.67,0.67,Electricity Maps Estimation,true,ESTIMATED_GENERAL_PURPOSE_ZONE_MODEL
2022-05-20 00:00:00,Tunisia,Tunisia,TN,365.67,484.39,1.17,1.17,Electricity Maps Estimation,true,ESTIMATED_GENERAL_PURPOSE_ZONE_MODEL
2022-05-21 00:00:00,Tunisia,Tunisia,TN,369.17,488.92,0.22,0.22,Electricity Maps Estimation,true,ESTIMATED_GENERAL_PURPOSE_ZONE_MODEL
2022-05-22 00:00:00,Tunisia,Tunisia,TN,369.75,489.68,0.07,0.07,Electricity Maps Estimation,true,ESTIMATED_GENERAL_PURPOSE_ZONE_MODEL
2022-05-23 00:00:00,Tunisia,Tunisia,TN,369.77,489.70,0.06,0.06,Electricity Maps Estimation,true,ESTIMATED_GENERAL_PURPOSE_ZONE_MODEL
2022-05-24 00:00:00,Tunisia,Tunisia,TN,369.21,488.98,0.21,0.21,Electricity Maps Estimation,true,ESTIMATED_GENERAL_PURPOSE_ZONE_MODEL
2022-05-25 00:00:00,Tunisia,Tunisia,TN,367.50,486.76,0.68,0.68,Electricity Maps Estimation,true,ESTIMATED_GENERAL_PURPOSE_ZONE_MODEL
2022-05-26 00:00:00,Tunisia,Tunisia,TN,366.03,484.87,1.07,1.07,Electricity Maps Estimation,true,ESTIMATED_GENERAL_PURPOSE_ZONE_MODEL
2022-05-27 00:00:00,Tunisia,Tunisia,TN,365.98,484.79,1.09,1.09,Electricity Maps Estimation,true,ESTIMATED_GENERAL_PURPOSE_ZONE_MODEL
2022-05-28 00:00:00,Tunisia,Tunisia,TN,365.29,483.90,1.27,1.27,Electricity Maps Estimation,true,ESTIMATED_GENERAL_PURPOSE_ZONE_MODEL
2022-05-29 00:00:00,Tunisia,Tunisia,TN,369.05,488.77,0.26,0.26,Electricity Maps Estimation,true,ESTIMATED_GENERAL_PURPOSE_ZONE_MODEL
2022-05-30 00:00:00,Tunisia,Tunisia,TN,369.44,489.27,0.15,0.15,Electricity Maps Estimation,true,ESTIMATED_GENERAL_PURPOSE_ZONE_MODEL
2022-05-31 00:00:00,Tunisia,Tunisia,TN,368.85,488.51,0.31,0.31,Electricity Maps Estimation,true,ESTIMATED_GENERAL_PURPOSE_ZONE_MODEL
2022-06-01 00:00:00,Tunisia,Tunisia,TN,367.09,486.23,0.79,0.79,Electricity Maps Estimation,true,ESTIMATED_GENERAL_PURPOSE_ZONE_MODEL
2022-06-02 00:00:00,Tunisia,Tunisia,TN,365.30,483.91,1.27,1.27,Electricity Maps Estimation,true,ESTIMATED_GENERAL_PURPOSE_ZONE_MODEL
2022-06-03 00:00:00,Tunisia,Tunisia,TN,362.00,479.64,2.16,2.16,Electricity Maps Estimation,true,ESTIMATED_GENERAL_PURPOSE_ZONE_MODEL
2022-06-04 00:00:00,Tunisia,Tunisia,TN,358.36,474.93,3.14,3.14,Electricity Maps Estimation,true,ESTIMATED_GENERAL_PURPOSE_ZONE_MODEL
2022-06-05 00:00:00,Tunisia,Tunisia,TN,366.60,485.59,0.92,0.92,Electricity Maps Estimation,true,ESTIMATED_GENERAL_PURPOSE_ZONE_MODEL
2022-06-06 00:00:00,Tunisia,Tunisia,TN,369.71,489.63,0.08,0.08,Electricity Maps Estimation,true,ESTIMATED_GENERAL_PURPOSE_ZONE_MODEL
2022-06-07 00:00:00,Tunisia,Tunisia,TN,367.35,486.57,0.72,0.72,Electricity Maps Estimation,true,ESTIMATED_GENERAL_PURPOSE_ZONE_MODEL
2022-06-08 00:00:00,Tunisia,Tunisia,TN,369.50,489.36,0.13,0.13,Electricity Maps Estimation,true,ESTIMATED_GENERAL_PURPOSE_ZONE_MODEL
2022-06-09 00:00:00,Tunisia,Tunisia,TN,364.92,483.42,1.37,1.37,Electricity Maps Estimation,true,ESTIMATED_GENERAL_PURPOSE_ZONE_MODEL
2022-06-10 00:00:00,Tunisia,Tunisia,TN,361.09,478.47,2.41,2.41,Electricity Maps Estimation,true,ESTIMATED_GENERAL_PURPOSE_ZONE_MODEL
2022-06-11 00:00:00,Tunisia,Tunisia,TN,363.12,481.09,1.86,1.86,Electricity Maps Estimation,true,ESTIMATED_GENERAL_PURPOSE_ZONE_MODEL
2022-06-12 00:00:00,Tunisia,Tunisia,TN,367.27,486.46,0.74,0.74,Electricity Maps Estimation,true,ESTIMATED_GENERAL_PURPOSE_ZONE_MODEL
2022-06-13 00:00:00,Tunisia,Tunisia,TN,367.96,487.35,0.55,0.55,Electricity Maps Estimation,true,ESTIMATED_GENERAL_PURPOSE_ZONE_MODEL
2022-06-14 00:00:00,Tunisia,Tunisia,TN,369.58,489.45,0.11,0.11,Electricity Maps Estimation,true,ESTIMATED_GENERAL_PURPOSE_ZONE_MODEL
2022-06-15 00:00:00,Tunisia,Tunisia,TN,367.36,486.58,0.71,0.71,Electricity Maps Estimation,true,ESTIMATED_GENERAL_PURPOSE_ZONE_MODEL
2022-06-16 00:00:00,Tunisia,Tunisia,TN,369.29,489.08,0.19,0.19,Electricity Maps Estimation,true,ESTIMATED_GENERAL_PURPOSE_ZONE_MODEL
2022-06-17 00:00:00,Tunisia,Tunisia,TN,369.57,489.44,0.12,0.12,Electricity Maps Estimation,true,ESTIMATED_GENERAL_PURPOSE_ZONE_MODEL
2022-06-18 00:00:00,Tunisia,Tunisia,TN,368.15,487.60,0.50,0.50,Electricity Maps Estimation,true,ESTIMATED_GENERAL_PURPOSE_ZONE_MODEL
2022-06-19 00:00:00,Tunisia,Tunisia,TN,367.01,486.13,0.81,0.81,Electricity Maps Estimation,true,ESTIMATED_GENERAL_PURPOSE_ZONE_MODEL
2022-06-20 00:00:00,Tunisia,Tunisia,TN,366.89,485.98,0.84,0.84,Electricity Maps Estimation,true,ESTIMATED_GENERAL_PURPOSE_ZONE_MODEL
2022-06-21 00:00:00,Tunisia,Tunisia,TN,366.13,484.99,1.05,1.05,Electricity Maps Estimation,true,ESTIMATED_GENERAL_PURPOSE_ZONE_MODEL
2022-06-22 00:00:00,Tunisia,Tunisia,TN,366.68,485.70,0.90,0.90,Electricity Maps Estimation,true,ESTIMATED_GENERAL_PURPOSE_ZONE_MODEL
2022-06-23 00:00:00,Tunisia,Tunisia,TN,367.83,487.18,0.59,0.59,Electricity Maps Estimation,true,ESTIMATED_GENERAL_PURPOSE_ZONE_MODEL
2022-06-24 00:00:00,Tunisia,Tunisia,TN,366.08,484.93,1.06,1.06,Electricity Maps Estimation,true,ESTIMATED_GENERAL_PURPOSE_ZONE_MODEL
2022-06-25 00:00:00,Tunisia,Tunisia,TN,362.75,480.62,1.96,1.96,Electricity Maps Estimation,true,ESTIMATED_GENERAL_PURPOSE_ZONE_MODEL
2022-06-26 00:00:00,Tunisia,Tunisia,TN,362.10,479.77,2.14,2.14,Electricity Maps Estimation,true,ESTIMATED_GENERAL_PURPOSE_ZONE_MODEL
2022-06-27 00:00:00,Tunisia,Tunisia,TN,363.37,481.41,1.79,1.79,Electricity Maps Estimation,true,ESTIMATED_GENERAL_PURPOSE_ZONE_MODEL
2022-06-28 00:00:00,Tunisia,Tunisia,TN,363.50,481.59,1.76,1.76,Electricity Maps Estimation,true,ESTIMATED_GENERAL_PURPOSE_ZONE_MODEL
2022-06-29 00:00:00,Tunisia,Tunisia,TN,365.35,483.98,1.26,1.26,Electricity Maps Estimation,true,ESTIMATED_GENERAL_PURPOSE_ZONE_MODEL
2022-06-30 00:00:00,Tunisia,Tunisia,TN,364.89,483.39,1.38,1.38,Electricity Maps Estimation,true,ESTIMATED_GENERAL_PURPOSE_ZONE_MODEL
2022-07-01 00:00:00,Tunisia,Tunisia,TN,365.40,484.05,1.24,1.24,EMBER + Electricity Maps Estimation,true,ESTIMATED_GENERAL_PURPOSE_ZONE_MODEL
2022-07-02 00:00:00,Tunisia,Tunisia,TN,367.50,486.77,0.68,0.68,EMBER + Electricity Maps Estimation,true,ESTIMATED_GENERAL_PURPOSE_ZONE_MODEL
2022-07-03 00:00:00,Tunisia,Tunisia,TN,364.82,483.30,1.40,1.40,EMBER + Electricity Maps Estimation,true,ESTIMATED_GENERAL_PURPOSE_ZONE_MODEL
2022-07-04 00:00:00,Tunisia,Tunisia,TN,369.25,489.03,0.20,0.20,EMBER + Electricity Maps Estimation,true,ESTIMATED_GENERAL_PURPOSE_ZONE_MODEL
2022-07-05 00:00:00,Tunisia,Tunisia,TN,367.30,486.50,0.73,0.73,EMBER + Electricity Maps Estimation,true,ESTIMATED_GENERAL_PURPOSE_ZONE_MODEL
2022-07-06 00:00:00,Tunisia,Tunisia,TN,369.47,489.32,0.14,0.14,EMBER + Electricity Maps Estimation,true,ESTIMATED_GENERAL_PURPOSE_ZONE_MODEL
2022-07-07 00:00:00,Tunisia,Tunisia,TN,366.78,485.83,0.87,0.87,EMBER + Electricity Maps Estimation,true,ESTIMATED_GENERAL_PURPOSE_ZONE_MODEL
2022-07-08 00:00:00,Tunisia,Tunisia,TN,360.13,477.22,2.67,2.67,EMBER + Electricity Maps Estimation,true,ESTIMATED_GENERAL_PURPOSE_ZONE_MODEL
2022-07-09 00:00:00,Tunisia,Tunisia,TN,357.14,473.35,3.48,3.48,EMBER + Electricity Maps Estimation,true,ESTIMATED_GENERAL_PURPOSE_ZONE_MODEL
2022-07-10 00:00:00,Tunisia,Tunisia,TN,358.19,474.71,3.19,3.19,EMBER + Electricity Maps Estimation,true,ESTIMATED_GENERAL_PURPOSE_ZONE_MODEL
2022-07-11 00:00:00,Tunisia,Tunisia,TN,365.25,483.86,1.28,1.28,EMBER + Electricity Maps Estimation,true,ESTIMATED_GENERAL_PURPOSE_ZONE_MODEL
2022-07-12 00:00:00,Tunisia,Tunisia,TN,364.77,483.23,1.41,1.41,EMBER + Electricity Maps Estimation,true,ESTIMATED_GENERAL_PURPOSE_ZONE_MODEL
2022-07-13 00:00:00,Tunisia,Tunisia,TN,365.11,483.66,1.32,1.32,EMBER + Electricity Maps Estimation,true,ESTIMATED_GENERAL_PURPOSE_ZONE_MODEL
2022-07-14 00:00:00,Tunisia,Tunisia,TN,365.75,484.50,1.15,1.15,EMBER + Electricity Maps Estimation,true,ESTIMATED_GENERAL_PURPOSE_ZONE_MODEL
2022-07-15 00:00:00,Tunisia,Tunisia,TN,369.75,489.67,0.07,0.07,EMBER + Electricity Maps Estimation,true,ESTIMATED_GENERAL_PURPOSE_ZONE_MODEL
2022-07-16 00:00:00,Tunisia,Tunisia,TN,368.06,487.49,0.52,0.52,EMBER + Electricity Maps Estimation,true,ESTIMATED_GENERAL_PURPOSE_ZONE_MODEL
2022-07-17 00:00:00,Tunisia,Tunisia,TN,366.69,485.72,0.89,0.89,EMBER + Electricity Maps Estimation,true,ESTIMATED_GENERAL_PURPOSE_ZONE_MODEL
2022-07-18 00:00:00,Tunisia,Tunisia,TN,366.03,484.86,1.07,1.07,EMBER + Electricity Maps Estimation,true,ESTIMATED_GENERAL_PURPOSE_ZONE_MODEL
2022-07-19 00:00:00,Tunisia,Tunisia,TN,366.63,485.64,0.91,0.91,EMBER + Electricity Maps Estimation,true,ESTIMATED_GENERAL_PURPOSE_ZONE_MODEL
2022-07-20 00:00:00,Tunisia,Tunisia,TN,366.67,485.68,0.90,0.90,EMBER + Electricity Maps Estimation,true,ESTIMATED_GENERAL_PURPOSE_ZONE_MODEL
2022-07-21 00:00:00,Tunisia,Tunisia,TN,366.95,486.05,0.82,0.82,EMBER + Electricity Maps Estimation,true,ESTIMATED_GENERAL_PURPOSE_ZONE_MODEL
2022-07-22 00:00:00,Tunisia,Tunisia,TN,366.63,485.64,0.91,0.91,EMBER + Electricity Maps Estimation,true,ESTIMATED_GENERAL_PURPOSE_ZONE_MODEL
2022-07-23 00:00:00,Tunisia,Tunisia,TN,366.15,485.02,1.04,1.04,EMBER + Electricity Maps Estimation,true,ESTIMATED_GENERAL_PURPOSE_ZONE_MODEL
2022-07-24 00:00:00,Tunisia,Tunisia,TN,369.26,489.04,0.20,0.20,EMBER + Electricity Maps Estimation,true,ESTIMATED_GENERAL_PURPOSE_ZONE_MODEL
2022-07-25 00:00:00,Tunisia,Tunisia,TN,369.65,489.54,0.10,0.10,EMBER + Electricity Maps Estimation,true,ESTIMATED_GENERAL_PURPOSE_ZONE_MODEL
2022-07-26 00:00:00,Tunisia,Tunisia,TN,369.64,489.53,0.10,0.10,EMBER + Electricity Maps Estimation,true,ESTIMATED_GENERAL_PURPOSE_ZONE_MODEL
2022-07-27 00:00:00,Tunisia,Tunisia,TN,368.90,488.58,0.30,0.30,EMBER + Electricity Maps Estimation,true,ESTIMATED_GENERAL_PURPOSE_ZONE_MODEL
2022-07-28 00:00:00,Tunisia,Tunisia,TN,369.59,489.48,0.11,0.11,EMBER + Electricity Maps Estimation,true,ESTIMATED_GENERAL_PURPOSE_ZONE_MODEL
2022-07-29 00:00:00,Tunisia,Tunisia,TN,366.90,485.99,0.84,0.84,EMBER + Electricity Maps Estimation,true,ESTIMATED_GENERAL_PURPOSE_ZONE_MODEL
2022-07-30 00:00:00,Tunisia,Tunisia,TN,366.18,485.06,1.03,1.03,EMBER + Electricity Maps Estimation,true,ESTIMATED_GENERAL_PURPOSE_ZONE_MODEL
2022-07-31 00:00:00,Tunisia,Tunisia,TN,367.09,486.24,0.79,0.79,EMBER + Electricity Maps Estimation,true,ESTIMATED_GENERAL_PURPOSE_ZONE_MODEL
2022-08-01 00:00:00,Tunisia,Tunisia,TN,367.48,486.74,0.68,0.68,EMBER + Electricity Maps Estimation,true,ESTIMATED_GENERAL_PURPOSE_ZONE_MODEL
2022-08-02 00:00:00,Tunisia,Tunisia,TN,362.98,480.92,1.90,1.90,EMBER + Electricity Maps Estimation,true,ESTIMATED_GENERAL_PURPOSE_ZONE_MODEL
2022-08-03 00:00:00,Tunisia,Tunisia,TN,357.30,473.55,3.43,3.43,EMBER + Electricity Maps Estimation,true,ESTIMATED_GENERAL_PURPOSE_ZONE_MODEL
2022-08-04 00:00:00,Tunisia,Tunisia,TN,360.96,478.30,2.44,2.44,EMBER + Electricity Maps Estimation,true,ESTIMATED_GENERAL_PURPOSE_ZONE_MODEL
2022-08-05 00:00:00,Tunisia,Tunisia,TN,365.57,484.26,1.20,1.20,EMBER + Electricity Maps Estimation,true,ESTIMATED_GENERAL_PURPOSE_ZONE_MODEL
2022-08-06 00:00:00,Tunisia,Tunisia,TN,369.17,488.93,0.22,0.22,EMBER + Electricity Maps Estimation,true,ESTIMATED_GENERAL_PURPOSE_ZONE_MODEL
2022-08-07 00:00:00,Tunisia,Tunisia,TN,364.18,482.47,1.57,1.57,EMBER + Electricity Maps Estimation,true,ESTIMATED_GENERAL_PURPOSE_ZONE_MODEL
2022-08-08 00:00:00,Tunisia,Tunisia,TN,365.29,483.90,1.27,1.27,EMBER + Electricity Maps Estimation,true,ESTIMATED_GENERAL_PURPOSE_ZONE_MODEL
2022-08-09 00:00:00,Tunisia,Tunisia,TN,366.24,485.13,1.02,1.02,EMBER + Electricity Maps Estimation,true,ESTIMATED_GENERAL_PURPOSE_ZONE_MODEL
2022-08-10 00:00:00,Tunisia,Tunisia,TN,367.44,486.68,0.69,0.69,EMBER + Electricity Maps Estimation,true,ESTIMATED_GENERAL_PURPOSE_ZONE_MODEL
2022-08-11 00:00:00,Tunisia,Tunisia,TN,369.45,489.28,0.15,0.15,EMBER + Electricity Maps Estimation,true,ESTIMATED_GENERAL_PURPOSE_ZONE_MODEL
2022-08-12 00:00:00,Tunisia,Tunisia,TN,363.82,482.00,1.67,1.67,EMBER + Electricity Maps Estimation,true,ESTIMATED_GENERAL_PURPOSE_ZONE_MODEL
2022-08-13 00:00:00,Tunisia,Tunisia,TN,369.34,489.15,0.18,0.18,EMBER + Electricity Maps Estimation,true,ESTIMATED_GENERAL_PURPOSE_ZONE_MODEL
2022-08-14 00:00:00,Tunisia,Tunisia,TN,369.39,489.22,0.16,0.16,EMBER + Electricity Maps Estimation,true,ESTIMATED_GENERAL_PURPOSE_ZONE_MODEL
2022-08-15 00:00:00,Tunisia,Tunisia,TN,364.76,483.21,1.42,1.42,EMBER + Electricity Maps Estimation,true,ESTIMATED_GENERAL_PURPOSE_ZONE_MODEL
2022-08-16 00:00:00,Tunisia,Tunisia,TN,367.01,486.13,0.81,0.81,EMBER + Electricity Maps Estimation,true,ESTIMATED_GENERAL_PURPOSE_ZONE_MODEL
2022-08-17 00:00:00,Tunisia,Tunisia,TN,357.28,473.53,3.44,3.44,EMBER + Electricity Maps Estimation,true,ESTIMATED_GENERAL_PURPOSE_ZONE_MODEL
2022-08-18 00:00:00,Tunisia,Tunisia,TN,357.88,474.31,3.27,3.27,EMBER + Electricity Maps Estimation,true,ESTIMATED_GENERAL_PURPOSE_ZONE_MODEL
2022-08-19 00:00:00,Tunisia,Tunisia,TN,357.09,473.29,3.49,3.49,EMBER + Electricity Maps Estimation,true,ESTIMATED_GENERAL_PURPOSE_ZONE_MODEL
2022-08-20 00:00:00,Tunisia,Tunisia,TN,357.45,473.76,3.39,3.39,EMBER + Electricity Maps Estimation,true,ESTIMATED_GENERAL_PURPOSE_ZONE_MODEL
2022-08-21 00:00:00,Tunisia,Tunisia,TN,363.56,481.66,1.74,1.74,EMBER + Electricity Maps Estimation,true,ESTIMATED_GENERAL_PURPOSE_ZONE_MODEL
2022-08-22 00:00:00,Tunisia,Tunisia,TN,365.83,484.60,1.13,1.13,EMBER + Electricity Maps Estimation,true,ESTIMATED_GENERAL_PURPOSE_ZONE_MODEL
2022-08-23 00:00:00,Tunisia,Tunisia,TN,363.77,481.93,1.68,1.68,EMBER + Electricity Maps Estimation,true,ESTIMATED_GENERAL_PURPOSE_ZONE_MODEL
2022-08-24 00:00:00,Tunisia,Tunisia,TN,367.25,486.44,0.74,0.74,EMBER + Electricity Maps Estimation,true,ESTIMATED_GENERAL_PURPOSE_ZONE_MODEL
2022-08-25 00:00:00,Tunisia,Tunisia,TN,368.89,488.56,0.30,0.30,EMBER + Electricity Maps Estimation,true,ESTIMATED_GENERAL_PURPOSE_ZONE_MODEL
2022-08-26 00:00:00,Tunisia,Tunisia,TN,369.49,489.34,0.14,0.14,EMBER + Electricity Maps Estimation,true,ESTIMATED_GENERAL_PURPOSE_ZONE_MODEL
2022-08-27 00:00:00,Tunisia,Tunisia,TN,365.94,484.75,1.10,1.10,EMBER + Electricity Maps Estimation,true,ESTIMATED_GENERAL_PURPOSE_ZONE_MODEL
2022-08-28 00:00:00,Tunisia,Tunisia,TN,367.25,486.43,0.74,0.74,EMBER + Electricity Maps Estimation,true,ESTIMATED_GENERAL_PURPOSE_ZONE_MODEL
2022-08-29 00:00:00,Tunisia,Tunisia,TN,367.44,486.69,0.69,0.69,EMBER + Electricity Maps Estimation,true,ESTIMATED_GENERAL_PURPOSE_ZONE_MODEL
2022-08-30 00:00:00,Tunisia,Tunisia,TN,366.89,485.97,0.84,0.84,EMBER + Electricity Maps Estimation,true,ESTIMATED_GENERAL_PURPOSE_ZONE_MODEL
2022-08-31 00:00:00,Tunisia,Tunisia,TN,366.56,485.54,0.93,0.93,EMBER + Electricity Maps Estimation,true,ESTIMATED_GENERAL_PURPOSE_ZONE_MODEL
2022-09-01 00:00:00,Tunisia,Tunisia,TN,369.29,489.08,0.19,0.19,EMBER + Electricity Maps Estimation,true,ESTIMATED_GENERAL_PURPOSE_ZONE_MODEL
2022-09-02 00:00:00,Tunisia,Tunisia,TN,369.48,489.33,0.14,0.14,EMBER + Electricity Maps Estimation,true,ESTIMATED_GENERAL_PURPOSE_ZONE_MODEL
2022-09-03 00:00:00,Tunisia,Tunisia,TN,367.92,487.30,0.56,0.56,EMBER + Electricity Maps Estimation,true,ESTIMATED_GENERAL_PURPOSE_ZONE_MODEL
2022-09-04 00:00:00,Tunisia,Tunisia,TN,361.90,479.51,2.19,2.19,EMBER + Electricity Maps Estimation,true,ESTIMATED_GENERAL_PURPOSE_ZONE_MODEL
2022-09-05 00:00:00,Tunisia,Tunisia,TN,367.66,486.97,0.63,0.63,EMBER + Electricity Maps Estimation,true,ESTIMATED_GENERAL_PURPOSE_ZONE_MODEL
2022-09-06 00:00:00,Tunisia,Tunisia,TN,367.02,486.14,0.81,0.81,EMBER + Electricity Maps Estimation,true,ESTIMATED_GENERAL_PURPOSE_ZONE_MODEL
2022-09-07 00:00:00,Tunisia,Tunisia,TN,368.25,487.73,0.47,0.47,EMBER + Electricity Maps Estimation,true,ESTIMATED_GENERAL_PURPOSE_ZONE_MODEL
2022-09-08 00:00:00,Tunisia,Tunisia,TN,368.84,488.49,0.32,0.32,EMBER + Electricity Maps Estimation,true,ESTIMATED_GENERAL_PURPOSE_ZONE_MODEL
2022-09-09 00:00:00,Tunisia,Tunisia,TN,367.64,486.94,0.64,0.64,EMBER + Electricity Maps Estimation,true,ESTIMATED_GENERAL_PURPOSE_ZONE_MODEL
2022-09-10 00:00:00,Tunisia,Tunisia,TN,368.86,488.52,0.31,0.31,EMBER + Electricity Maps Estimation,true,ESTIMATED_GENERAL_PURPOSE_ZONE_MODEL
2022-09-11 00:00:00,Tunisia,Tunisia,TN,369.51,489.36,0.13,0.13,EMBER + Electricity Maps Estimation,true,ESTIMATED_GENERAL_PURPOSE_ZONE_MODEL
2022-09-12 00:00:00,Tunisia,Tunisia,TN,369.61,489.50,0.10,0.10,EMBER + Electricity Maps Estimation,true,ESTIMATED_GENERAL_PURPOSE_ZONE_MODEL
2022-09-13 00:00:00,Tunisia,Tunisia,TN,367.31,486.52,0.73,0.73,EMBER + Electricity Maps Estimation,true,ESTIMATED_GENERAL_PURPOSE_ZONE_MODEL
2022-09-14 00:00:00,Tunisia,Tunisia,TN,365.65,484.37,1.17,1.17,EMBER + Electricity Maps Estimation,true,ESTIMATED_GENERAL_PURPOSE_ZONE_MODEL
2022-09-15 00:00:00,Tunisia,Tunisia,TN,365.00,483.52,1.35,1.35,EMBER + Electricity Maps Estimation,true,ESTIMATED_GENERAL_PURPOSE_ZONE_MODEL
2022-09-16 00:00:00,Tunisia,Tunisia,TN,365.75,484.49,1.15,1.15,EMBER + Electricity Maps Estimation,true,ESTIMATED_GENERAL_PURPOSE_ZONE_MODEL
2022-09-17 00:00:00,Tunisia,Tunisia,TN,363.06,481.02,1.88,1.88,EMBER + Electricity Maps Estimation,true,ESTIMATED_GENERAL_PURPOSE_ZONE_MODEL
2022-09-18 00:00:00,Tunisia,Tunisia,TN,362.99,480.92,1.90,1.90,EMBER + Electricity Maps Estimation,true,ESTIMATED_GENERAL_PURPOSE_ZONE_MODEL
2022-09-19 00:00:00,Tunisia,Tunisia,TN,369.52,489.38,0.13,0.13,EMBER + Electricity Maps Estimation,true,ESTIMATED_GENERAL_PURPOSE_ZONE_MODEL
2022-09-20 00:00:00,Tunisia,Tunisia,TN,364.06,482.31,1.61,1.61,EMBER + Electricity Maps Estimation,true,ESTIMATED_GENERAL_PURPOSE_ZONE_MODEL
2022-09-21 00:00:00,Tunisia,Tunisia,TN,362.32,480.05,2.08,2.08,EMBER + Electricity Maps Estimation,true,ESTIMATED_GENERAL_PURPOSE_ZONE_MODEL
2022-09-22 00:00:00,Tunisia,Tunisia,TN,362.19,479.89,2.11,2.11,EMBER + Electricity Maps Estimation,true,ESTIMATED_GENERAL_PURPOSE_ZONE_MODEL
2022-09-23 00:00:00,Tunisia,Tunisia,TN,360.32,477.47,2.62,2.62,EMBER + Electricity Maps Estimation,true,ESTIMATED_GENERAL_PURPOSE_ZONE_MODEL
2022-09-24 00:00:00,Tunisia,Tunisia,TN,365.44,484.10,1.23,1.23,EMBER + Electricity Maps Estimation,true,ESTIMATED_GENERAL_PURPOSE_ZONE_MODEL
2022-09-25 00:00:00,Tunisia,Tunisia,TN,363.38,481.43,1.79,1.79,EMBER + Electricity Maps Estimation,true,ESTIMATED_GENERAL_PURPOSE_ZONE_MODEL
2022-09-26 00:00:00,Tunisia,Tunisia,TN,362.17,479.87,2.12,2.12,EMBER + Electricity Maps Estimation,true,ESTIMATED_GENERAL_PURPOSE_ZONE_MODEL
2022-09-27 00:00:00,Tunisia,Tunisia,TN,362.32,480.05,2.08,2.08,EMBER + Electricity Maps Estimation,true,ESTIMATED_GENERAL_PURPOSE_ZONE_MODEL
2022-09-28 00:00:00,Tunisia,Tunisia,TN,363.72,481.87,1.70,1.70,EMBER + Electricity Maps Estimation,true,ESTIMATED_GENERAL_PURPOSE_ZONE_MODEL
2022-09-29 00:00:00,Tunisia,Tunisia,TN,368.76,488.40,0.33,0.33,EMBER + Electricity Maps Estimation,true,ESTIMATED_GENERAL_PURPOSE_ZONE_MODEL
2022-09-30 00:00:00,Tunisia,Tunisia,TN,367.33,486.55,0.72,0.72,EMBER + Electricity Maps Estimation,true,ESTIMATED_GENERAL_PURPOSE_ZONE_MODEL
2022-10-01 00:00:00,Tunisia,Tunisia,TN,331.15,439.71,10.50,10.50,EMBER + Electricity Maps Estimation,true,ESTIMATED_GENERAL_PURPOSE_ZONE_MODEL
2022-10-02 00:00:00,Tunisia,Tunisia,TN,335.72,445.62,9.27,9.27,EMBER + Electricity Maps Estimation,true,ESTIMATED_GENERAL_PURPOSE_ZONE_MODEL
2022-10-03 00:00:00,Tunisia,Tunisia,TN,368.00,487.42,0.54,0.54,EMBER + Electricity Maps Estimation,true,ESTIMATED_GENERAL_PURPOSE_ZONE_MODEL
2022-10-04 00:00:00,Tunisia,Tunisia,TN,368.27,487.76,0.47,0.47,EMBER + Electricity Maps Estimation,true,ESTIMATED_GENERAL_PURPOSE_ZONE_MODEL
2022-10-05 00:00:00,Tunisia,Tunisia,TN,358.50,475.11,3.11,3.11,EMBER + Electricity Maps Estimation,true,ESTIMATED_GENERAL_PURPOSE_ZONE_MODEL
2022-10-06 00:00:00,Tunisia,Tunisia,TN,349.43,463.37,5.56,5.56,EMBER + Electricity Maps Estimation,true,ESTIMATED_GENERAL_PURPOSE_ZONE_MODEL
2022-10-07 00:00:00,Tunisia,Tunisia,TN,353.16,468.20,4.55,4.55,EMBER + Electricity Maps Estimation,true,ESTIMATED_GENERAL_PURPOSE_ZONE_MODEL
2022-10-08 00:00:00,Tunisia,Tunisia,TN,360.56,477.77,2.55,2.55,EMBER + Electricity Maps Estimation,true,ESTIMATED_GENERAL_PURPOSE_ZONE_MODEL
2022-10-09 00:00:00,Tunisia,Tunisia,TN,351.91,466.58,4.89,4.89,EMBER + Electricity Maps Estimation,true,ESTIMATED_GENERAL_PURPOSE_ZONE_MODEL
2022-10-10 00:00:00,Tunisia,Tunisia,TN,362.76,480.63,1.96,1.96,EMBER + Electricity Maps Estimation,true,ESTIMATED_GENERAL_PURPOSE_ZONE_MODEL
2022-10-11 00:00:00,Tunisia,Tunisia,TN,362.56,480.37,2.01,2.01,EMBER + Electricity Maps Estimation,true,ESTIMATED_GENERAL_PURPOSE_ZONE_MODEL
2022-10-12 00:00:00,Tunisia,Tunisia,TN,350.54,464.80,5.26,5.26,EMBER + Electricity Maps Estimation,true,ESTIMATED_GENERAL_PURPOSE_ZONE_MODEL
2022-10-13 00:00:00,Tunisia,Tunisia,TN,348.51,462.18,5.81,5.81,EMBER + Electricity Maps Estimation,true,ESTIMATED_GENERAL_PURPOSE_ZONE_MODEL
2022-10-14 00:00:00,Tunisia,Tunisia,TN,348.57,462.26,5.79,5.79,EMBER + Electricity Maps Estimation,true,ESTIMATED_GENERAL_PURPOSE_ZONE_MODEL
2022-10-15 00:00:00,Tunisia,Tunisia,TN,368.00,487.41,0.54,0.54,EMBER + Electricity Maps Estimation,true,ESTIMATED_GENERAL_PURPOSE_ZONE_MODEL
2022-10-16 00:00:00,Tunisia,Tunisia,TN,368.14,487.59,0.50,0.50,EMBER + Electricity Maps Estimation,true,ESTIMATED_GENERAL_PURPOSE_ZONE_MODEL
2022-10-17 00:00:00,Tunisia,Tunisia,TN,361.46,478.95,2.31,2.31,EMBER + Electricity Maps Estimation,true,ESTIMATED_GENERAL_PURPOSE_ZONE_MODEL
2022-10-18 00:00:00,Tunisia,Tunisia,TN,368.30,487.80,0.46,0.46,EMBER + Electricity Maps Estimation,true,ESTIMATED_GENERAL_PURPOSE_ZONE_MODEL
2022-10-19 00:00:00,Tunisia,Tunisia,TN,368.63,488.22,0.37,0.37,EMBER + Electricity Maps Estimation,true,ESTIMATED_GENERAL_PURPOSE_ZONE_MODEL
2022-10-20 00:00:00,Tunisia,Tunisia,TN,368.44,487.98,0.42,0.42,EMBER + Electricity Maps Estimation,true,ESTIMATED_GENERAL_PURPOSE_ZONE_MODEL
2022-10-21 00:00:00,Tunisia,Tunisia,TN,368.28,487.78,0.46,0.46,EMBER + Electricity Maps Estimation,true,ESTIMATED_GENERAL_PURPOSE_ZONE_MODEL
2022-10-22 00:00:00,Tunisia,Tunisia,TN,368.33,487.83,0.45,0.45,EMBER + Electricity Maps Estimation,true,ESTIMATED_GENERAL_PURPOSE_ZONE_MODEL
2022-10-23 00:00:00,Tunisia,Tunisia,TN,368.09,487.53,0.52,0.52,EMBER + Electricity Maps Estimation,true,ESTIMATED_GENERAL_PURPOSE_ZONE_MODEL
2022-10-24 00:00:00,Tunisia,Tunisia,TN,368.20,487.67,0.49,0.49,EMBER + Electricity Maps Estimation,true,ESTIMATED_GENERAL_PURPOSE_ZONE_MODEL
2022-10-25 00:00:00,Tunisia,Tunisia,TN,368.65,488.26,0.36,0.36,EMBER + Electricity Maps Estimation,true,ESTIMATED_GENERAL_PURPOSE_ZONE_MODEL
2022-10-26 00:00:00,Tunisia,Tunisia,TN,368.63,488.22,0.37,0.37,EMBER + Electricity Maps Estimation,true,ESTIMATED_GENERAL_PURPOSE_ZONE_MODEL
2022-10-27 00:00:00,Tunisia,Tunisia,TN,368.64,488.24,0.37,0.37,EMBER + Electricity Maps Estimation,true,ESTIMATED_GENERAL_PURPOSE_ZONE_MODEL
2022-10-28 00:00:00,Tunisia,Tunisia,TN,368.96,488.65,0.28,0.28,EMBER + Electricity Maps Estimation,true,ESTIMATED_GENERAL_PURPOSE_ZONE_MODEL
2022-10-29 00:00:00,Tunisia,Tunisia,TN,368.89,488.56,0.30,0.30,EMBER + Electricity Maps Estimation,true,ESTIMATED_GENERAL_PURPOSE_ZONE_MODEL
2022-10-30 00:00:00,Tunisia,Tunisia,TN,368.38,487.91,0.44,0.44,EMBER + Electricity Maps Estimation,true,ESTIMATED_GENERAL_PURPOSE_ZONE_MODEL
2022-10-31 00:00:00,Tunisia,Tunisia,TN,368.60,488.18,0.38,0.38,EMBER + Electricity Maps Estimation,true,ESTIMATED_GENERAL_PURPOSE_ZONE_MODEL
2022-11-01 00:00:00,Tunisia,Tunisia,TN,369.40,489.22,0.16,0.16,EMBER + Electricity Maps Estimation,true,ESTIMATED_GENERAL_PURPOSE_ZONE_MODEL
2022-11-02 00:00:00,Tunisia,Tunisia,TN,369.56,489.43,0.12,0.12,EMBER + Electricity Maps Estimation,true,ESTIMATED_GENERAL_PURPOSE_ZONE_MODEL
2022-11-03 00:00:00,Tunisia,Tunisia,TN,369.40,489.22,0.16,0.16,EMBER + Electricity Maps Estimation,true,ESTIMATED_GENERAL_PURPOSE_ZONE_MODEL
2022-11-04 00:00:00,Tunisia,Tunisia,TN,364.80,483.27,1.40,1.40,EMBER + Electricity Maps Estimation,true,ESTIMATED_GENERAL_PURPOSE_ZONE_MODEL
2022-11-05 00:00:00,Tunisia,Tunisia,TN,357.21,473.44,3.46,3.46,EMBER + Electricity Maps Estimation,true,ESTIMATED_GENERAL_PURPOSE_ZONE_MODEL
2022-11-06 00:00:00,Tunisia,Tunisia,TN,360.30,477.44,2.62,2.62,EMBER + Electricity Maps Estimation,true,ESTIMATED_GENERAL_PURPOSE_ZONE_MODEL
2022-11-07 00:00:00,Tunisia,Tunisia,TN,369.41,489.23,0.16,0.16,EMBER + Electricity Maps Estimation,true,ESTIMATED_GENERAL_PURPOSE_ZONE_MODEL
2022-11-08 00:00:00,Tunisia,Tunisia,TN,369.31,489.11,0.19,0.19,EMBER + Electricity Maps Estimation,true,ESTIMATED_GENERAL_PURPOSE_ZONE_MODEL
2022-11-09 00:00:00,Tunisia,Tunisia,TN,369.48,489.32,0.14,0.14,EMBER + Electricity Maps Estimation,true,ESTIMATED_GENERAL_PURPOSE_ZONE_MODEL
2022-11-10 00:00:00,Tunisia,Tunisia,TN,368.29,487.79,0.46,0.46,EMBER + Electricity Maps Estimation,true,ESTIMATED_GENERAL_PURPOSE_ZONE_MODEL
2022-11-11 00:00:00,Tunisia,Tunisia,TN,363.93,482.14,1.64,1.64,EMBER + Electricity Maps Estimation,true,ESTIMATED_GENERAL_PURPOSE_ZONE_MODEL
2022-11-12 00:00:00,Tunisia,Tunisia,TN,363.44,481.51,1.77,1.77,EMBER + Electricity Maps Estimation,true,ESTIMATED_GENERAL_PURPOSE_ZONE_MODEL
2022-11-13 00:00:00,Tunisia,Tunisia,TN,360.88,478.19,2.47,2.47,EMBER + Electricity Maps Estimation,true,ESTIMATED_GENERAL_PURPOSE_ZONE_MODEL
2022-11-14 00:00:00,Tunisia,Tunisia,TN,369.55,489.42,0.12,0.12,EMBER + Electricity Maps Estimation,true,ESTIMATED_GENERAL_PURPOSE_ZONE_MODEL
2022-11-15 00:00:00,Tunisia,Tunisia,TN,369.42,489.25,0.16,0.16,EMBER + Electricity Maps Estimation,true,ESTIMATED_GENERAL_PURPOSE_ZONE_MODEL
2022-11-16 00:00:00,Tunisia,Tunisia,TN,362.09,479.76,2.14,2.14,EMBER + Electricity Maps Estimation,true,ESTIMATED_GENERAL_PURPOSE_ZONE_MODEL
2022-11-17 00:00:00,Tunisia,Tunisia,TN,361.66,479.20,2.25,2.25,EMBER + Electricity Maps Estimation,true,ESTIMATED_GENERAL_PURPOSE_ZONE_MODEL
2022-11-18 00:00:00,Tunisia,Tunisia,TN,361.85,479.45,2.20,2.20,EMBER + Electricity Maps Estimation,true,ESTIMATED_GENERAL_PURPOSE_ZONE_MODEL
2022-11-19 00:00:00,Tunisia,Tunisia,TN,358.98,475.73,2.98,2.98,EMBER + Electricity Maps Estimation,true,ESTIMATED_GENERAL_PURPOSE_ZONE_MODEL
2022-11-20 00:00:00,Tunisia,Tunisia,TN,357.63,473.99,3.34,3.34,EMBER + Electricity Maps Estimation,true,ESTIMATED_GENERAL_PURPOSE_ZONE_MODEL
2022-11-21 00:00:00,Tunisia,Tunisia,TN,361.18,478.59,2.38,2.38,EMBER + Electricity Maps Estimation,true,ESTIMATED_GENERAL_PURPOSE_ZONE_MODEL
2022-11-22 00:00:00,Tunisia,Tunisia,TN,361.04,478.41,2.42,2.42,EMBER + Electricity Maps Estimation,true,ESTIMATED_GENERAL_PURPOSE_ZONE_MODEL
2022-11-23 00:00:00,Tunisia,Tunisia,TN,361.18,478.59,2.38,2.38,EMBER + Electricity Maps Estimation,true,ESTIMATED_GENERAL_PURPOSE_ZONE_MODEL
2022-11-24 00:00:00,Tunisia,Tunisia,TN,367.17,486.34,0.76,0.76,EMBER + Electricity Maps Estimation,true,ESTIMATED_GENERAL_PURPOSE_ZONE_MODEL
2022-11-25 00:00:00,Tunisia,Tunisia,TN,368.99,488.69,0.27,0.27,EMBER + Electricity Maps Estimation,true,ESTIMATED_GENERAL_PURPOSE_ZONE_MODEL
2022-11-26 00:00:00,Tunisia,Tunisia,TN,356.74,472.84,3.58,3.58,EMBER + Electricity Maps Estimation,true,ESTIMATED_GENERAL_PURPOSE_ZONE_MODEL
2022-11-27 00:00:00,Tunisia,Tunisia,TN,355.50,471.23,3.92,3.92,EMBER + Electricity Maps Estimation,true,ESTIMATED_GENERAL_PURPOSE_ZONE_MODEL
2022-11-28 00:00:00,Tunisia,Tunisia,TN,362.94,480.87,1.91,1.91,EMBER + Electricity Maps Estimation,true,ESTIMATED_GENERAL_PURPOSE_ZONE_MODEL
2022-11-29 00:00:00,Tunisia,Tunisia,TN,360.65,477.90,2.53,2.53,EMBER + Electricity Maps Estimation,true,ESTIMATED_GENERAL_PURPOSE_ZONE_MODEL
2022-11-30 00:00:00,Tunisia,Tunisia,TN,361.12,478.50,2.40,2.40,EMBER + Electricity Maps Estimation,true,ESTIMATED_GENERAL_PURPOSE_ZONE_MODEL
2022-12-01 00:00:00,Tunisia,Tunisia,TN,358.05,474.53,3.23,3.23,EMBER + Electricity Maps Estimation,true,ESTIMATED_GENERAL_PURPOSE_ZONE_MODEL
2022-12-02 00:00:00,Tunisia,Tunisia,TN,363.76,481.92,1.69,1.69,EMBER + Electricity Maps Estimation,true,ESTIMATED_GENERAL_PURPOSE_ZONE_MODEL
2022-12-03 00:00:00,Tunisia,Tunisia,TN,362.46,480.23,2.04,2.04,EMBER + Electricity Maps Estimation,true,ESTIMATED_GENERAL_PURPOSE_ZONE_MODEL
2022-12-04 00:00:00,Tunisia,Tunisia,TN,369.08,488.81,0.25,0.25,EMBER + Electricity Maps Estimation,true,ESTIMATED_GENERAL_PURPOSE_ZONE_MODEL
2022-12-05 00:00:00,Tunisia,Tunisia,TN,369.11,488.84,0.24,0.24,EMBER + Electricity Maps Estimation,true,ESTIMATED_GENERAL_PURPOSE_ZONE_MODEL
2022-12-06 00:00:00,Tunisia,Tunisia,TN,366.20,485.08,1.03,1.03,EMBER + Electricity Maps Estimation,true,ESTIMATED_GENERAL_PURPOSE_ZONE_MODEL
2022-12-07 00:00:00,Tunisia,Tunisia,TN,365.99,484.80,1.09,1.09,EMBER + Electricity Maps Estimation,true,ESTIMATED_GENERAL_PURPOSE_ZONE_MODEL
2022-12-08 00:00:00,Tunisia,Tunisia,TN,360.02,477.08,2.70,2.70,EMBER + Electricity Maps Estimation,true,ESTIMATED_GENERAL_PURPOSE_ZONE_MODEL
2022-12-09 00:00:00,Tunisia,Tunisia,TN,347.76,461.20,6.01,6.01,EMBER + Electricity Maps Estimation,true,ESTIMATED_GENERAL_PURPOSE_ZONE_MODEL
2022-12-10 00:00:00,Tunisia,Tunisia,TN,347.61,461.02,6.05,6.05,EMBER + Electricity Maps Estimation,true,ESTIMATED_GENERAL_PURPOSE_ZONE_MODEL
2022-12-11 00:00:00,Tunisia,Tunisia,TN,345.17,457.86,6.71,6.71,EMBER + Electricity Maps Estimation,true,ESTIMATED_GENERAL_PURPOSE_ZONE_MODEL
2022-12-12 00:00:00,Tunisia,Tunisia,TN,355.78,471.58,3.84,3.84,EMBER + Electricity Maps Estimation,true,ESTIMATED_GENERAL_PURPOSE_ZONE_MODEL
2022-12-13 00:00:00,Tunisia,Tunisia,TN,350.69,465.01,5.22,5.22,EMBER + Electricity Maps Estimation,true,ESTIMATED_GENERAL_PURPOSE_ZONE_MODEL
2022-12-14 00:00:00,Tunisia,Tunisia,TN,350.66,464.96,5.23,5.23,EMBER + Electricity Maps Estimation,true,ESTIMATED_GENERAL_PURPOSE_ZONE_MODEL
2022-12-15 00:00:00,Tunisia,Tunisia,TN,352.55,467.41,4.71,4.71,EMBER + Electricity Maps Estimation,true,ESTIMATED_GENERAL_PURPOSE_ZONE_MODEL
2022-12-16 00:00:00,Tunisia,Tunisia,TN,353.07,468.09,4.57,4.57,EMBER + Electricity Maps Estimation,true,ESTIMATED_GENERAL_PURPOSE_ZONE_MODEL
2022-12-17 00:00:00,Tunisia,Tunisia,TN,369.20,488.96,0.22,0.22,EMBER + Electricity Maps Estimation,true,ESTIMATED_GENERAL_PURPOSE_ZONE_MODEL
2022-12-18 00:00:00,Tunisia,Tunisia,TN,359.55,476.48,2.82,2.82,EMBER + Electricity Maps Estimation,true,ESTIMATED_GENERAL_PURPOSE_ZONE_MODEL
2022-12-19 00:00:00,Tunisia,Tunisia,TN,358.93,475.67,2.99,2.99,EMBER + Electricity Maps Estimation,true,ESTIMATED_GENERAL_PURPOSE_ZONE_MODEL
2022-12-20 00:00:00,Tunisia,Tunisia,TN,369.16,488.91,0.23,0.23,EMBER + Electricity Maps Estimation,true,ESTIMATED_GENERAL_PURPOSE_ZONE_MODEL
2022-12-21 00:00:00,Tunisia,Tunisia,TN,369.26,489.04,0.20,0.20,EMBER + Electricity Maps Estimation,true,ESTIMATED_GENERAL_PURPOSE_ZONE_MODEL
2022-12-22 00:00:00,Tunisia,Tunisia,TN,364.28,482.60,1.55,1.55,EMBER + Electricity Maps Estimation,true,ESTIMATED_GENERAL_PURPOSE_ZONE_MODEL
2022-12-23 00:00:00,Tunisia,Tunisia,TN,362.52,480.32,2.02,2.02,EMBER + Electricity Maps Estimation,true,ESTIMATED_GENERAL_PURPOSE_ZONE_MODEL
2022-12-24 00:00:00,Tunisia,Tunisia,TN,362.16,479.85,2.12,2.12,EMBER + Electricity Maps Estimation,true,ESTIMATED_GENERAL_PURPOSE_ZONE_MODEL
2022-12-25 00:00:00,Tunisia,Tunisia,TN,368.96,488.66,0.28,0.28,EMBER + Electricity Maps Estimation,true,ESTIMATED_GENERAL_PURPOSE_ZONE_MODEL
2022-12-26 00:00:00,Tunisia,Tunisia,TN,369.03,488.75,0.26,0.26,EMBER + Electricity Maps Estimation,true,ESTIMATED_GENERAL_PURPOSE_ZONE_MODEL
2022-12-27 00:00:00,Tunisia,Tunisia,TN,369.07,488.80,0.25,0.25,EMBER + Electricity Maps Estimation,true,ESTIMATED_GENERAL_PURPOSE_ZONE_MODEL
2022-12-28 00:00:00,Tunisia,Tunisia,TN,369.34,489.15,0.18,0.18,EMBER + Electricity Maps Estimation,true,ESTIMATED_GENERAL_PURPOSE_ZONE_MODEL
2022-12-29 00:00:00,Tunisia,Tunisia,TN,368.95,488.65,0.28,0.28,EMBER + Electricity Maps Estimation,true,ESTIMATED_GENERAL_PURPOSE_ZONE_MODEL
2022-12-30 00:00:00,Tunisia,Tunisia,TN,369.25,489.02,0.20,0.20,EMBER + Electricity Maps Estimation,true,ESTIMATED_GENERAL_PURPOSE_ZONE_MODEL
2022-12-31 00:00:00,Tunisia,Tunisia,TN,369.36,489.17,0.17,0.17,EMBER + Electricity Maps Estimation,true,ESTIMATED_GENERAL_PURPOSE_ZONE_MODEL
