Datetime (UTC),Country,Zone name,Zone id,Carbon intensity gCO₂eq/kWh (direct),Carbon intensity gCO₂eq/kWh (Life cycle),Carbon-free energy percentage (CFE%),Renewable energy percentage (RE%),Data source,Data estimated,Data estimation method
2024-01-01 00:00:00,Tunisia,Tunisia,TN,366.17,485.04,1.03,1.03,EMBER + Electricity Maps Estimation,true,ESTIMATED_GENERAL_PURPOSE_ZONE_MODEL
2024-01-02 00:00:00,Tunisia,Tunisia,TN,365.53,484.21,1.21,1.21,EMBER + Electricity Maps Estimation,true,ESTIMATED_GENERAL_PURPOSE_ZONE_MODEL
2024-01-03 00:00:00,Tunisia,Tunisia,TN,369.22,488.99,0.21,0.21,EMBER + Electricity Maps Estimation,true,ESTIMATED_GENERAL_PURPOSE_ZONE_MODEL
2024-01-04 00:00:00,Tunisia,Tunisia,TN,369.10,488.83,0.24,0.24,EMBER + Electricity Maps Estimation,true,ESTIMATED_GENERAL_PURPOSE_ZONE_MODEL
2024-01-05 00:00:00,Tunisia,Tunisia,TN,357.40,473.69,3.40,3.40,EMBER + Electricity Maps Estimation,true,ESTIMATED_GENERAL_PURPOSE_ZONE_MODEL
2024-01-06 00:00:00,Tunisia,Tunisia,TN,351.32,465.81,5.05,5.05,EMBER + Electricity Maps Estimation,true,ESTIMATED_GENERAL_PURPOSE_ZONE_MODEL
2024-01-07 00:00:00,Tunisia,Tunisia,TN,352.14,466.87,4.83,4.83,EMBER + Electricity Maps Estimation,true,ESTIMATED_GENERAL_PURPOSE_ZONE_MODEL
2024-01-08 00:00:00,Tunisia,Tunisia,TN,356.71,472.79,3.59,3.59,EMBER + Electricity Maps Estimation,true,ESTIMATED_GENERAL_PURPOSE_ZONE_MODEL
2024-01-09 00:00:00,Tunisia,Tunisia,TN,366.59,485.58,0.92,0.92,EMBER + Electricity Maps Estimation,true,ESTIMATED_GENERAL_PURPOSE_ZONE_MODEL
2024-01-10 00:00:00,Tunisia,Tunisia,TN,369.28,489.07,0.19,0.19,EMBER + Electricity Maps Estimation,true,ESTIMATED_GENERAL_PURPOSE_ZONE_MODEL
2024-01-11 00:00:00,Tunisia,Tunisia,TN,360.47,477.66,2.58,2.58,EMBER + Electricity Maps Estimation,true,ESTIMATED_GENERAL_PURPOSE_ZONE_MODEL
2024-01-12 00:00:00,Tunisia,Tunisia,TN,357.57,473.90,3.36,3.36,EMBER + Electricity Maps Estimation,true,ESTIMATED_GENERAL_PURPOSE_ZONE_MODEL
2024-01-13 00:00:00,Tunisia,Tunisia,TN,366.48,485.44,0.95,0.95,EMBER + Electricity Maps Estimation,true,ESTIMATED_GENERAL_PURPOSE_ZONE_MODEL
2024-01-14 00:00:00,Tunisia,Tunisia,TN,361.37,478.82,2.33,2.33,EMBER + Electricity Maps Estimation,true,ESTIMATED_GENERAL_PURPOSE_ZONE_MODEL
2024-01-15 00:00:00,Tunisia,Tunisia,TN,355.50,471.23,3.92,3.92,EMBER + Electricity Maps Estimation,true,ESTIMATED_GENERAL_PURPOSE_ZONE_MODEL
2024-01-16 00:00:00,Tunisia,Tunisia,TN,359.65,476.60,2.80,2.80,EMBER + Electricity Maps Estimation,true,ESTIMATED_GENERAL_PURPOSE_ZONE_MODEL
2024-01-17 00:00:00,Tunisia,Tunisia,TN,355.20,470.84,4.00,4.00,EMBER + Electricity Maps Estimation,true,ESTIMATED_GENERAL_PURPOSE_ZONE_MODEL
2024-01-18 00:00:00,Tunisia,Tunisia,TN,354.38,469.78,4.22,4.22,EMBER + Electricity Maps Estimation,true,ESTIMATED_GENERAL_PURPOSE_ZONE_MODEL
2024-01-19 00:00:00,Tunisia,Tunisia,TN,358.53,475.15,3.10,3.10,EMBER + Electricity Maps Estimation,true,ESTIMATED_GENERAL_PURPOSE_ZONE_MODEL
2024-01-20 00:00:00,Tunisia,Tunisia,TN,353.78,469.00,4.38,4.38,EMBER + Electricity Maps Estimation,true,ESTIMATED_GENERAL_PURPOSE_ZONE_MODEL
2024-01-21 00:00:00,Tunisia,Tunisia,TN,357.39,473.68,3.41,3.41,EMBER + Electricity Maps Estimation,true,ESTIMATED_GENERAL_PURPOSE_ZONE_MODEL
2024-01-22 00:00:00,Tunisia,Tunisia,TN,362.06,479.72,2.15,2.15,EMBER + Electricity Maps Estimation,true,ESTIMATED_GENERAL_PURPOSE_ZONE_MODEL
2024-01-23 00:00:00,Tunisia,Tunisia,TN,361.44,478.91,2.31,2.31,EMBER + Electricity Maps Estimation,true,ESTIMATED_GENERAL_PURPOSE_ZONE_MODEL
2024-01-24 00:00:00,Tunisia,Tunisia,TN,359.95,476.99,2.72,2.72,EMBER + Electricity Maps Estimation,true,ESTIMATED_GENERAL_PURPOSE_ZONE_MODEL
2024-01-25 00:00:00,Tunisia,Tunisia,TN,360.76,478.04,2.50,2.50,EMBER + Electricity Maps Estimation,true,ESTIMATED_GENERAL_PURPOSE_ZONE_MODEL
2024-01-26 00:00:00,Tunisia,Tunisia,TN,367.86,487.23,0.58,0.58,EMBER + Electricity Maps Estimation,true,ESTIMATED_GENERAL_PURPOSE_ZONE_MODEL
2024-01-27 00:00:00,Tunisia,Tunisia,TN,369.13,488.88,0.24,0.24,EMBER + Electricity Maps Estimation,true,ESTIMATED_GENERAL_PURPOSE_ZONE_MODEL
2024-01-28 00:00:00,Tunisia,Tunisia,TN,366.18,485.05,1.03,1.03,EMBER + Electricity Maps Estimation,true,ESTIMATED_GENERAL_PURPOSE_ZONE_MODEL
2024-01-29 00:00:00,Tunisia,Tunisia,TN,369.27,489.06,0.20,0.20,EMBER + Electricity Maps Estimation,true,ESTIMATED_GENERAL_PURPOSE_ZONE_MODEL
2024-01-30 00:00:00,Tunisia,Tunisia,TN,369.37,489.19,0.17,0.17,EMBER + Electricity Maps Estimation,true,ESTIMATED_GENERAL_PURPOSE_ZONE_MODEL
2024-01-31 00:00:00,Tunisia,Tunisia,TN,369.59,489.47,0.11,0.11,EMBER + Electricity Maps Estimation,true,ESTIMATED_GENERAL_PURPOSE_ZONE_MODEL
2024-02-01 00:00:00,Tunisia,Tunisia,TN,369.34,489.14,0.18,0.18,EMBER + Electricity Maps Estimation,true,ESTIMATED_GENERAL_PURPOSE_ZONE_MODEL
2024-02-02 00:00:00,Tunisia,Tunisia,TN,359.92,476.95,2.72,2.72,EMBER + Electricity Maps Estimation,true,ESTIMATED_GENERAL_PURPOSE_ZONE_MODEL
2024-02-03 00:00:00,Tunisia,Tunisia,TN,359.65,476.60,2.80,2.80,EMBER + Electricity Maps Estimation,true,ESTIMATED_GENERAL_PURPOSE_ZONE_MODEL
2024-02-04 00:00:00,Tunisia,Tunisia,TN,369.47,489.31,0.14,0.14,EMBER + Electricity Maps Estimation,true,ESTIMATED_GENERAL_PURPOSE_ZONE_MODEL
2024-02-05 00:00:00,Tunisia,Tunisia,TN,369.44,489.28,0.15,0.15,EMBER + Electricity Maps Estimation,true,ESTIMATED_GENERAL_PURPOSE_ZONE_MODEL
2024-02-06 00:00:00,Tunisia,Tunisia,TN,369.44,489.27,0.15,0.15,EMBER + Electricity Maps Estimation,true,ESTIMATED_GENERAL_PURPOSE_ZONE_MODEL
2024-02-07 00:00:00,Tunisia,Tunisia,TN,363.62,481.74,1.72,1.72,EMBER + Electricity Maps Estimation,true,ESTIMATED_GENERAL_PURPOSE_ZONE_MODEL
2024-02-08 00:00:00,Tunisia,Tunisia,TN,369.09,488.83,0.25,0.25,EMBER + Electricity Maps Estimation,true,ESTIMATED_GENERAL_PURPOSE_ZONE_MODEL
2024-02-09 00:00:00,Tunisia,Tunisia,TN,356.43,472.43,3.67,3.67,EMBER + Electricity Maps Estimation,true,ESTIMATED_GENERAL_PURPOSE_ZONE_MODEL
2024-02-10 00:00:00,Tunisia,Tunisia,TN,351.34,465.84,5.04,5.04,EMBER + Electricity Maps Estimation,true,ESTIMATED_GENERAL_PURPOSE_ZONE_MODEL
2024-02-11 00:00:00,Tunisia,Tunisia,TN,352.95,467.93,4.61,4.61,EMBER + Electricity Maps Estimation,true,ESTIMATED_GENERAL_PURPOSE_ZONE_MODEL
2024-02-12 00:00:00,Tunisia,Tunisia,TN,358.14,474.64,3.21,3.21,EMBER + Electricity Maps Estimation,true,ESTIMATED_GENERAL_PURPOSE_ZONE_MODEL
2024-02-13 00:00:00,Tunisia,Tunisia,TN,356.22,472.15,3.72,3.72,EMBER + Electricity Maps Estimation,true,ESTIMATED_GENERAL_PURPOSE_ZONE_MODEL
2024-02-14 00:00:00,Tunisia,Tunisia,TN,365.07,483.62,1.33,1.33,EMBER + Electricity Maps Estimation,true,ESTIMATED_GENERAL_PURPOSE_ZONE_MODEL
2024-02-15 00:00:00,Tunisia,Tunisia,TN,369.53,489.39,0.13,0.13,EMBER + Electricity Maps Estimation,true,ESTIMATED_GENERAL_PURPOSE_ZONE_MODEL
2024-02-16 00:00:00,Tunisia,Tunisia,TN,363.23,481.24,1.83,1.83,EMBER + Electricity Maps Estimation,true,ESTIMATED_GENERAL_PURPOSE_ZONE_MODEL
2024-02-17 00:00:00,Tunisia,Tunisia,TN,361.66,479.20,2.25,2.25,EMBER + Electricity Maps Estimation,true,ESTIMATED_GENERAL_PURPOSE_ZONE_MODEL
2024-02-18 00:00:00,Tunisia,Tunisia,TN,351.74,466.36,4.94,4.94,EMBER + Electricity Maps Estimation,true,ESTIMATED_GENERAL_PURPOSE_ZONE_MODEL
2024-02-19 00:00:00,Tunisia,Tunisia,TN,361.04,478.40,2.42,2.42,EMBER + Electricity Maps Estimation,true,ESTIMATED_GENERAL_PURPOSE_ZONE_MODEL
2024-02-20 00:00:00,Tunisia,Tunisia,TN,358.93,475.66,2.99,2.99,EMBER + Electricity Maps Estimation,true,ESTIMATED_GENERAL_PURPOSE_ZONE_MODEL
2024-02-21 00:00:00,Tunisia,Tunisia,TN,358.06,474.54,3.23,3.23,EMBER + Electricity Maps Estimation,true,ESTIMATED_GENERAL_PURPOSE_ZONE_MODEL
2024-02-22 00:00:00,Tunisia,Tunisia,TN,366.84,485.92,0.85,0.85,EMBER + Electricity Maps Estimation,true,ESTIMATED_GENERAL_PURPOSE_ZONE_MODEL
2024-02-23 00:00:00,Tunisia,Tunisia,TN,357.67,474.04,3.33,3.33,EMBER + Electricity Maps Estimation,true,ESTIMATED_GENERAL_PURPOSE_ZONE_MODEL
2024-02-24 00:00:00,Tunisia,Tunisia,TN,359.26,476.09,2.90,2.90,EMBER + Electricity Maps Estimation,true,ESTIMATED_GENERAL_PURPOSE_ZONE_MODEL
2024-02-25 00:00:00,Tunisia,Tunisia,TN,353.51,468.65,4.46,4.46,EMBER + Electricity Maps Estimation,true,ESTIMATED_GENERAL_PURPOSE_ZONE_MODEL
2024-02-26 00:00:00,Tunisia,Tunisia,TN,358.40,474.98,3.13,3.13,EMBER + Electricity Maps Estimation,true,ESTIMATED_GENERAL_PURPOSE_ZONE_MODEL
2024-02-27 00:00:00,Tunisia,Tunisia,TN,357.12,473.33,3.48,3.48,EMBER + Electricity Maps Estimation,true,ESTIMATED_GENERAL_PURPOSE_ZONE_MODEL
2024-02-28 00:00:00,Tunisia,Tunisia,TN,358.91,475.65,3.00,3.00,EMBER + Electricity Maps Estimation,true,ESTIMATED_GENERAL_PURPOSE_ZONE_MODEL
2024-02-29 00:00:00,Tunisia,Tunisia,TN,357.81,474.22,3.29,3.29,EMBER + Electricity Maps Estimation,true,ESTIMATED_GENERAL_PURPOSE_ZONE_MODEL
2024-03-01 00:00:00,Tunisia,Tunisia,TN,357.17,473.38,3.47,3.47,EMBER + Electricity Maps Estimation,true,ESTIMATED_GENERAL_PURPOSE_ZONE_MODEL
2024-03-02 00:00:00,Tunisia,Tunisia,TN,368.79,488.43,0.33,0.33,EMBER + Electricity Maps Estimation,true,ESTIMATED_GENERAL_PURPOSE_ZONE_MODEL
2024-03-03 00:00:00,Tunisia,Tunisia,TN,353.31,468.40,4.51,4.51,EMBER + Electricity Maps Estimation,true,ESTIMATED_GENERAL_PURPOSE_ZONE_MODEL
2024-03-04 00:00:00,Tunisia,Tunisia,TN,354.45,469.87,4.20,4.20,EMBER + Electricity Maps Estimation,true,ESTIMATED_GENERAL_PURPOSE_ZONE_MODEL
2024-03-05 00:00:00,Tunisia,Tunisia,TN,362.28,480.01,2.09,2.09,EMBER + Electricity Maps Estimation,true,ESTIMATED_GENERAL_PURPOSE_ZONE_MODEL
2024-03-06 00:00:00,Tunisia,Tunisia,TN,369.24,489.02,0.20,0.20,EMBER + Electricity Maps Estimation,true,ESTIMATED_GENERAL_PURPOSE_ZONE_MODEL
2024-03-07 00:00:00,Tunisia,Tunisia,TN,366.72,485.75,0.89,0.89,EMBER + Electricity Maps Estimation,true,ESTIMATED_GENERAL_PURPOSE_ZONE_MODEL
2024-03-08 00:00:00,Tunisia,Tunisia,TN,358.63,475.29,3.07,3.07,EMBER + Electricity Maps Estimation,true,ESTIMATED_GENERAL_PURPOSE_ZONE_MODEL
2024-03-09 00:00:00,Tunisia,Tunisia,TN,354.88,470.42,4.09,4.09,EMBER + Electricity Maps Estimation,true,ESTIMATED_GENERAL_PURPOSE_ZONE_MODEL
2024-03-10 00:00:00,Tunisia,Tunisia,TN,349.15,463.01,5.63,5.63,EMBER + Electricity Maps Estimation,true,ESTIMATED_GENERAL_PURPOSE_ZONE_MODEL
2024-03-11 00:00:00,Tunisia,Tunisia,TN,355.49,471.22,3.92,3.92,EMBER + Electricity Maps Estimation,true,ESTIMATED_GENERAL_PURPOSE_ZONE_MODEL
2024-03-12 00:00:00,Tunisia,Tunisia,TN,359.62,476.57,2.80,2.80,EMBER + Electricity Maps Estimation,true,ESTIMATED_GENERAL_PURPOSE_ZONE_MODEL
2024-03-13 00:00:00,Tunisia,Tunisia,TN,369.29,489.08,0.19,0.19,EMBER + Electricity Maps Estimation,true,ESTIMATED_GENERAL_PURPOSE_ZONE_MODEL
2024-03-14 00:00:00,Tunisia,Tunisia,TN,369.40,489.22,0.16,0.16,EMBER + Electricity Maps Estimation,true,ESTIMATED_GENERAL_PURPOSE_ZONE_MODEL
2024-03-15 00:00:00,Tunisia,Tunisia,TN,369.42,489.25,0.16,0.16,EMBER + Electricity Maps Estimation,true,ESTIMATED_GENERAL_PURPOSE_ZONE_MODEL
2024-03-16 00:00:00,Tunisia,Tunisia,TN,369.35,489.16,0.18,0.18,EMBER + Electricity Maps Estimation,true,ESTIMATED_GENERAL_PURPOSE_ZONE_MODEL
2024-03-17 00:00:00,Tunisia,Tunisia,TN,369.00,488.70,0.27,0.27,EMBER + Electricity Maps Estimation,true,ESTIMATED_GENERAL_PURPOSE_ZONE_MODEL
2024-03-18 00:00:00,Tunisia,Tunisia,TN,369.19,488.95,0.22,0.22,EMBER + Electricity Maps Estimation,true,ESTIMATED_GENERAL_PURPOSE_ZONE_MODEL
2024-03-19 00:00:00,Tunisia,Tunisia,TN,369.27,489.06,0.20,0.20,EMBER + Electricity Maps Estimation,true,ESTIMATED_GENERAL_PURPOSE_ZONE_MODEL
2024-03-20 00:00:00,Tunisia,Tunisia,TN,365.68,484.41,1.17,1.17,EMBER + Electricity Maps Estimation,true,ESTIMATED_GENERAL_PURPOSE_ZONE_MODEL
2024-03-21 00:00:00,Tunisia,Tunisia,TN,361.07,478.44,2.41,2.41,EMBER + Electricity Maps Estimation,true,ESTIMATED_GENERAL_PURPOSE_ZONE_MODEL
2024-03-22 00:00:00,Tunisia,Tunisia,TN,369.28,489.07,0.20,0.20,EMBER + Electricity Maps Estimation,true,ESTIMATED_GENERAL_PURPOSE_ZONE_MODEL
2024-03-23 00:00:00,Tunisia,Tunisia,TN,369.16,488.91,0.23,0.23,EMBER + Electricity Maps Estimation,true,ESTIMATED_GENERAL_PURPOSE_ZONE_MODEL
2024-03-24 00:00:00,Tunisia,Tunisia,TN,366.81,485.87,0.86,0.86,EMBER + Electricity Maps Estimation,true,ESTIMATED_GENERAL_PURPOSE_ZONE_MODEL
2024-03-25 00:00:00,Tunisia,Tunisia,TN,354.64,470.12,4.15,4.15,EMBER + Electricity Maps Estimation,true,ESTIMATED_GENERAL_PURPOSE_ZONE_MODEL
2024-03-26 00:00:00,Tunisia,Tunisia,TN,354.85,470.38,4.10,4.10,EMBER + Electricity Maps Estimation,true,ESTIMATED_GENERAL_PURPOSE_ZONE_MODEL
2024-03-27 00:00:00,Tunisia,Tunisia,TN,353.71,468.91,4.40,4.40,EMBER + Electricity Maps Estimation,true,ESTIMATED_GENERAL_PURPOSE_ZONE_MODEL
2024-03-28 00:00:00,Tunisia,Tunisia,TN,362.58,480.40,2.01,2.01,EMBER + Electricity Maps Estimation,true,ESTIMATED_GENERAL_PURPOSE_ZONE_MODEL
2024-03-29 00:00:00,Tunisia,Tunisia,TN,354.14,469.46,4.29,4.29,EMBER + Electricity Maps Estimation,true,ESTIMATED_GENERAL_PURPOSE_ZONE_MODEL
2024-03-30 00:00:00,Tunisia,Tunisia,TN,351.07,465.49,5.12,5.12,EMBER + Electricity Maps Estimation,true,ESTIMATED_GENERAL_PURPOSE_ZONE_MODEL
2024-03-31 00:00:00,Tunisia,Tunisia,TN,355.37,471.06,3.95,3.95,EMBER + Electricity Maps Estimation,true,ESTIMATED_GENERAL_PURPOSE_ZONE_MODEL
2024-04-01 00:00:00,Tunisia,Tunisia,TN,359.05,475.82,2.96,2.96,EMBER + Electricity Maps Estimation,true,ESTIMATED_GENERAL_PURPOSE_ZONE_MODEL
2024-04-02 00:00:00,Tunisia,Tunisia,TN,360.15,477.25,2.66,2.66,EMBER + Electricity Maps Estimation,true,ESTIMATED_GENERAL_PURPOSE_ZONE_MODEL
2024-04-03 00:00:00,Tunisia,Tunisia,TN,366.25,485.15,1.01,1.01,EMBER + Electricity Maps Estimation,true,ESTIMATED_GENERAL_PURPOSE_ZONE_MODEL
2024-04-04 00:00:00,Tunisia,Tunisia,TN,359.59,476.52,2.81,2.81,EMBER + Electricity Maps Estimation,true,ESTIMATED_GENERAL_PURPOSE_ZONE_MODEL
2024-04-05 00:00:00,Tunisia,Tunisia,TN,360.53,477.74,2.56,2.56,EMBER + Electricity Maps Estimation,true,ESTIMATED_GENERAL_PURPOSE_ZONE_MODEL
2024-04-06 00:00:00,Tunisia,Tunisia,TN,363.08,481.04,1.87,1.87,EMBER + Electricity Maps Estimation,true,ESTIMATED_GENERAL_PURPOSE_ZONE_MODEL
2024-04-07 00:00:00,Tunisia,Tunisia,TN,368.55,488.12,0.39,0.39,EMBER + Electricity Maps Estimation,true,ESTIMATED_GENERAL_PURPOSE_ZONE_MODEL
2024-04-08 00:00:00,Tunisia,Tunisia,TN,367.60,486.89,0.65,0.65,EMBER + Electricity Maps Estimation,true,ESTIMATED_GENERAL_PURPOSE_ZONE_MODEL
2024-04-09 00:00:00,Tunisia,Tunisia,TN,362.68,480.53,1.98,1.98,EMBER + Electricity Maps Estimation,true,ESTIMATED_GENERAL_PURPOSE_ZONE_MODEL
2024-04-10 00:00:00,Tunisia,Tunisia,TN,358.47,475.08,3.11,3.11,EMBER + Electricity Maps Estimation,true,ESTIMATED_GENERAL_PURPOSE_ZONE_MODEL
2024-04-11 00:00:00,Tunisia,Tunisia,TN,361.51,479.01,2.29,2.29,EMBER + Electricity Maps Estimation,true,ESTIMATED_GENERAL_PURPOSE_ZONE_MODEL
2024-04-12 00:00:00,Tunisia,Tunisia,TN,361.65,479.19,2.26,2.26,EMBER + Electricity Maps Estimation,true,ESTIMATED_GENERAL_PURPOSE_ZONE_MODEL
2024-04-13 00:00:00,Tunisia,Tunisia,TN,358.70,475.37,3.05,3.05,EMBER + Electricity Maps Estimation,true,ESTIMATED_GENERAL_PURPOSE_ZONE_MODEL
2024-04-14 00:00:00,Tunisia,Tunisia,TN,357.08,473.28,3.49,3.49,EMBER + Electricity Maps Estimation,true,ESTIMATED_GENERAL_PURPOSE_ZONE_MODEL
2024-04-15 00:00:00,Tunisia,Tunisia,TN,360.30,477.45,2.62,2.62,EMBER + Electricity Maps Estimation,true,ESTIMATED_GENERAL_PURPOSE_ZONE_MODEL
2024-04-16 00:00:00,Tunisia,Tunisia,TN,361.53,479.04,2.29,2.29,EMBER + Electricity Maps Estimation,true,ESTIMATED_GENERAL_PURPOSE_ZONE_MODEL
2024-04-17 00:00:00,Tunisia,Tunisia,TN,363.03,480.98,1.88,1.88,EMBER + Electricity Maps Estimation,true,ESTIMATED_GENERAL_PURPOSE_ZONE_MODEL
2024-04-18 00:00:00,Tunisia,Tunisia,TN,360.88,478.20,2.46,2.46,EMBER + Electricity Maps Estimation,true,ESTIMATED_GENERAL_PURPOSE_ZONE_MODEL
2024-04-19 00:00:00,Tunisia,Tunisia,TN,358.83,475.54,3.02,3.02,EMBER + Electricity Maps Estimation,true,ESTIMATED_GENERAL_PURPOSE_ZONE_MODEL
2024-04-20 00:00:00,Tunisia,Tunisia,TN,363.10,481.07,1.86,1.86,EMBER + Electricity Maps Estimation,true,ESTIMATED_GENERAL_PURPOSE_ZONE_MODEL
2024-04-21 00:00:00,Tunisia,Tunisia,TN,356.94,473.09,3.53,3.53,EMBER + Electricity Maps Estimation,true,ESTIMATED_GENERAL_PURPOSE_ZONE_MODEL
2024-04-22 00:00:00,Tunisia,Tunisia,TN,359.09,475.88,2.95,2.95,EMBER + Electricity Maps Estimation,true,ESTIMATED_GENERAL_PURPOSE_ZONE_MODEL
2024-04-23 00:00:00,Tunisia,Tunisia,TN,363.62,481.74,1.72,1.72,EMBER + Electricity Maps Estimation,true,ESTIMATED_GENERAL_PURPOSE_ZONE_MODEL
2024-04-24 00:00:00,Tunisia,Tunisia,TN,359.78,476.77,2.76,2.76,EMBER + Electricity Maps Estimation,true,ESTIMATED_GENERAL_PURPOSE_ZONE_MODEL
2024-04-25 00:00:00,Tunisia,Tunisia,TN,367.05,486.19,0.80,0.80,EMBER + Electricity Maps Estimation,true,ESTIMATED_GENERAL_PURPOSE_ZONE_MODEL
2024-04-26 00:00:00,Tunisia,Tunisia,TN,359.54,476.45,2.83,2.83,EMBER + Electricity Maps Estimation,true,ESTIMATED_GENERAL_PURPOSE_ZONE_MODEL
2024-04-27 00:00:00,Tunisia,Tunisia,TN,357.26,473.51,3.44,3.44,EMBER + Electricity Maps Estimation,true,ESTIMATED_GENERAL_PURPOSE_ZONE_MODEL
2024-04-28 00:00:00,Tunisia,Tunisia,TN,357.67,474.04,3.33,3.33,EMBER + Electricity Maps Estimation,true,ESTIMATED_GENERAL_PURPOSE_ZONE_MODEL
2024-04-29 00:00:00,Tunisia,Tunisia,TN,363.52,481.61,1.75,1.75,EMBER + Electricity Maps Estimation,true,ESTIMATED_GENERAL_PURPOSE_ZONE_MODEL
2024-04-30 00:00:00,Tunisia,Tunisia,TN,361.61,479.14,2.27,2.27,EMBER + Electricity Maps Estimation,true,ESTIMATED_GENERAL_PURPOSE_ZONE_MODEL
2024-05-01 00:00:00,Tunisia,Tunisia,TN,363.79,481.96,1.68,1.68,EMBER + Electricity Maps Estimation,true,ESTIMATED_GENERAL_PURPOSE_ZONE_MODEL
2024-05-02 00:00:00,Tunisia,Tunisia,TN,365.41,484.06,1.24,1.24,EMBER + Electricity Maps Estimation,true,ESTIMATED_GENERAL_PURPOSE_ZONE_MODEL
2024-05-03 00:00:00,Tunisia,Tunisia,TN,364.26,482.57,1.55,1.55,EMBER + Electricity Maps Estimation,true,ESTIMATED_GENERAL_PURPOSE_ZONE_MODEL
2024-05-04 00:00:00,Tunisia,Tunisia,TN,369.47,489.32,0.14,0.14,EMBER + Electricity Maps Estimation,true,ESTIMATED_GENERAL_PURPOSE_ZONE_MODEL
2024-05-05 00:00:00,Tunisia,Tunisia,TN,364.33,482.66,1.53,1.53,EMBER + Electricity Maps Estimation,true,ESTIMATED_GENERAL_PURPOSE_ZONE_MODEL
2024-05-06 00:00:00,Tunisia,Tunisia,TN,359.04,475.81,2.96,2.96,EMBER + Electricity Maps Estimation,true,ESTIMATED_GENERAL_PURPOSE_ZONE_MODEL
2024-05-07 00:00:00,Tunisia,Tunisia,TN,361.41,478.88,2.32,2.32,EMBER + Electricity Maps Estimation,true,ESTIMATED_GENERAL_PURPOSE_ZONE_MODEL
2024-05-08 00:00:00,Tunisia,Tunisia,TN,359.71,476.67,2.78,2.78,EMBER + Electricity Maps Estimation,true,ESTIMATED_GENERAL_PURPOSE_ZONE_MODEL
2024-05-09 00:00:00,Tunisia,Tunisia,TN,358.56,475.19,3.09,3.09,EMBER + Electricity Maps Estimation,true,ESTIMATED_GENERAL_PURPOSE_ZONE_MODEL
2024-05-10 00:00:00,Tunisia,Tunisia,TN,367.62,486.92,0.64,0.64,EMBER + Electricity Maps Estimation,true,ESTIMATED_GENERAL_PURPOSE_ZONE_MODEL
2024-05-11 00:00:00,Tunisia,Tunisia,TN,369.51,489.36,0.13,0.13,EMBER + Electricity Maps Estimation,true,ESTIMATED_GENERAL_PURPOSE_ZONE_MODEL
2024-05-12 00:00:00,Tunisia,Tunisia,TN,368.50,488.06,0.41,0.41,EMBER + Electricity Maps Estimation,true,ESTIMATED_GENERAL_PURPOSE_ZONE_MODEL
2024-05-13 00:00:00,Tunisia,Tunisia,TN,367.01,486.14,0.81,0.81,EMBER + Electricity Maps Estimation,true,ESTIMATED_GENERAL_PURPOSE_ZONE_MODEL
2024-05-14 00:00:00,Tunisia,Tunisia,TN,366.34,485.27,0.99,0.99,EMBER + Electricity Maps Estimation,true,ESTIMATED_GENERAL_PURPOSE_ZONE_MODEL
2024-05-15 00:00:00,Tunisia,Tunisia,TN,361.98,479.62,2.17,2.17,EMBER + Electricity Maps Estimation,true,ESTIMATED_GENERAL_PURPOSE_ZONE_MODEL
2024-05-16 00:00:00,Tunisia,Tunisia,TN,362.58,480.39,2.01,2.01,EMBER + Electricity Maps Estimation,true,ESTIMATED_GENERAL_PURPOSE_ZONE_MODEL
2024-05-17 00:00:00,Tunisia,Tunisia,TN,366.67,485.69,0.90,0.90,EMBER + Electricity Maps Estimation,true,ESTIMATED_GENERAL_PURPOSE_ZONE_MODEL
2024-05-18 00:00:00,Tunisia,Tunisia,TN,364.52,482.91,1.48,1.48,EMBER + Electricity Maps Estimation,true,ESTIMATED_GENERAL_PURPOSE_ZONE_MODEL
2024-05-19 00:00:00,Tunisia,Tunisia,TN,361.58,479.10,2.27,2.27,EMBER + Electricity Maps Estimation,true,ESTIMATED_GENERAL_PURPOSE_ZONE_MODEL
2024-05-20 00:00:00,Tunisia,Tunisia,TN,363.07,481.03,1.87,1.87,EMBER + Electricity Maps Estimation,true,ESTIMATED_GENERAL_PURPOSE_ZONE_MODEL
2024-05-21 00:00:00,Tunisia,Tunisia,TN,366.39,485.32,0.98,0.98,EMBER + Electricity Maps Estimation,true,ESTIMATED_GENERAL_PURPOSE_ZONE_MODEL
2024-05-22 00:00:00,Tunisia,Tunisia,TN,364.27,482.58,1.55,1.55,EMBER + Electricity Maps Estimation,true,ESTIMATED_GENERAL_PURPOSE_ZONE_MODEL
2024-05-23 00:00:00,Tunisia,Tunisia,TN,362.22,479.93,2.10,2.10,EMBER + Electricity Maps Estimation,true,ESTIMATED_GENERAL_PURPOSE_ZONE_MODEL
2024-05-24 00:00:00,Tunisia,Tunisia,TN,362.87,480.77,1.93,1.93,EMBER + Electricity Maps Estimation,true,ESTIMATED_GENERAL_PURPOSE_ZONE_MODEL
2024-05-25 00:00:00,Tunisia,Tunisia,TN,361.88,479.48,2.19,2.19,EMBER + Electricity Maps Estimation,true,ESTIMATED_GENERAL_PURPOSE_ZONE_MODEL
2024-05-26 00:00:00,Tunisia,Tunisia,TN,366.88,485.97,0.84,0.84,EMBER + Electricity Maps Estimation,true,ESTIMATED_GENERAL_PURPOSE_ZONE_MODEL
2024-05-27 00:00:00,Tunisia,Tunisia,TN,367.16,486.32,0.77,0.77,EMBER + Electricity Maps Estimation,true,ESTIMATED_GENERAL_PURPOSE_ZONE_MODEL
2024-05-28 00:00:00,Tunisia,Tunisia,TN,368.54,488.11,0.39,0.39,EMBER + Electricity Maps Estimation,true,ESTIMATED_GENERAL_PURPOSE_ZONE_MODEL
2024-05-29 00:00:00,Tunisia,Tunisia,TN,365.13,483.69,1.32,1.32,EMBER + Electricity Maps Estimation,true,ESTIMATED_GENERAL_PURPOSE_ZONE_MODEL
2024-05-30 00:00:00,Tunisia,Tunisia,TN,367.04,486.17,0.80,0.80,EMBER + Electricity Maps Estimation,true,ESTIMATED_GENERAL_PURPOSE_ZONE_MODEL
2024-05-31 00:00:00,Tunisia,Tunisia,TN,367.37,486.59,0.71,0.71,EMBER + Electricity Maps Estimation,true,ESTIMATED_GENERAL_PURPOSE_ZONE_MODEL
2024-06-01 00:00:00,Tunisia,Tunisia,TN,364.90,483.39,1.38,1.38,EMBER + Electricity Maps Estimation,true,ESTIMATED_GENERAL_PURPOSE_ZONE_MODEL
2024-06-02 00:00:00,Tunisia,Tunisia,TN,363.36,481.40,1.79,1.79,EMBER + Electricity Maps Estimation,true,ESTIMATED_GENERAL_PURPOSE_ZONE_MODEL
2024-06-03 00:00:00,Tunisia,Tunisia,TN,359.21,476.03,2.91,2.91,EMBER + Electricity Maps Estimation,true,ESTIMATED_GENERAL_PURPOSE_ZONE_MODEL
2024-06-04 00:00:00,Tunisia,Tunisia,TN,359.15,475.96,2.93,2.93,EMBER + Electricity Maps Estimation,true,ESTIMATED_GENERAL_PURPOSE_ZONE_MODEL
2024-06-05 00:00:00,Tunisia,Tunisia,TN,363.57,481.68,1.74,1.74,EMBER + Electricity Maps Estimation,true,ESTIMATED_GENERAL_PURPOSE_ZONE_MODEL
2024-06-06 00:00:00,Tunisia,Tunisia,TN,368.49,488.05,0.41,0.41,EMBER + Electricity Maps Estimation,true,ESTIMATED_GENERAL_PURPOSE_ZONE_MODEL
2024-06-07 00:00:00,Tunisia,Tunisia,TN,369.72,489.64,0.08,0.08,EMBER + Electricity Maps Estimation,true,ESTIMATED_GENERAL_PURPOSE_ZONE_MODEL
2024-06-08 00:00:00,Tunisia,Tunisia,TN,367.14,486.30,0.77,0.77,EMBER + Electricity Maps Estimation,true,ESTIMATED_GENERAL_PURPOSE_ZONE_MODEL
2024-06-09 00:00:00,Tunisia,Tunisia,TN,360.29,477.43,2.62,2.62,EMBER + Electricity Maps Estimation,true,ESTIMATED_GENERAL_PURPOSE_ZONE_MODEL
2024-06-10 00:00:00,Tunisia,Tunisia,TN,361.99,479.63,2.17,2.17,EMBER + Electricity Maps Estimation,true,ESTIMATED_GENERAL_PURPOSE_ZONE_MODEL
2024-06-11 00:00:00,Tunisia,Tunisia,TN,360.71,477.98,2.51,2.51,EMBER + Electricity Maps Estimation,true,ESTIMATED_GENERAL_PURPOSE_ZONE_MODEL
2024-06-12 00:00:00,Tunisia,Tunisia,TN,360.97,478.31,2.44,2.44,EMBER + Electricity Maps Estimation,true,ESTIMATED_GENERAL_PURPOSE_ZONE_MODEL
2024-06-13 00:00:00,Tunisia,Tunisia,TN,361.09,478.46,2.41,2.41,EMBER + Electricity Maps Estimation,true,ESTIMATED_GENERAL_PURPOSE_ZONE_MODEL
2024-06-14 00:00:00,Tunisia,Tunisia,TN,363.17,481.15,1.85,1.85,EMBER + Electricity Maps Estimation,true,ESTIMATED_GENERAL_PURPOSE_ZONE_MODEL
2024-06-15 00:00:00,Tunisia,Tunisia,TN,364.00,482.23,1.62,1.62,EMBER + Electricity Maps Estimation,true,ESTIMATED_GENERAL_PURPOSE_ZONE_MODEL
2024-06-16 00:00:00,Tunisia,Tunisia,TN,367.44,486.68,0.69,0.69,EMBER + Electricity Maps Estimation,true,ESTIMATED_GENERAL_PURPOSE_ZONE_MODEL
2024-06-17 00:00:00,Tunisia,Tunisia,TN,366.38,485.31,0.98,0.98,EMBER + Electricity Maps Estimation,true,ESTIMATED_GENERAL_PURPOSE_ZONE_MODEL
2024-06-18 00:00:00,Tunisia,Tunisia,TN,361.13,478.51,2.40,2.40,EMBER + Electricity Maps Estimation,true,ESTIMATED_GENERAL_PURPOSE_ZONE_MODEL
2024-06-19 00:00:00,Tunisia,Tunisia,TN,360.58,477.80,2.55,2.55,EMBER + Electricity Maps Estimation,true,ESTIMATED_GENERAL_PURPOSE_ZONE_MODEL
2024-06-20 00:00:00,Tunisia,Tunisia,TN,360.34,477.50,2.61,2.61,EMBER + Electricity Maps Estimation,true,ESTIMATED_GENERAL_PURPOSE_ZONE_MODEL
2024-06-21 00:00:00,Tunisia,Tunisia,TN,363.32,481.36,1.80,1.80,EMBER + Electricity Maps Estimation,true,ESTIMATED_GENERAL_PURPOSE_ZONE_MODEL
2024-06-22 00:00:00,Tunisia,Tunisia,TN,360.39,477.56,2.60,2.60,EMBER + Electricity Maps Estimation,true,ESTIMATED_GENERAL_PURPOSE_ZONE_MODEL
2024-06-23 00:00:00,Tunisia,Tunisia,TN,361.23,478.64,2.37,2.37,EMBER + Electricity Maps Estimation,true,ESTIMATED_GENERAL_PURPOSE_ZONE_MODEL
2024-06-24 00:00:00,Tunisia,Tunisia,TN,361.00,478.35,2.43,2.43,EMBER + Electricity Maps Estimation,true,ESTIMATED_GENERAL_PURPOSE_ZONE_MODEL
2024-06-25 00:00:00,Tunisia,Tunisia,TN,362.00,479.65,2.16,2.16,EMBER + Electricity Maps Estimation,true,ESTIMATED_GENERAL_PURPOSE_ZONE_MODEL
2024-06-26 00:00:00,Tunisia,Tunisia,TN,368.30,487.81,0.46,0.46,EMBER + Electricity Maps Estimation,true,ESTIMATED_GENERAL_PURPOSE_ZONE_MODEL
2024-06-27 00:00:00,Tunisia,Tunisia,TN,362.00,479.64,2.16,2.16,EMBER + Electricity Maps Estimation,true,ESTIMATED_GENERAL_PURPOSE_ZONE_MODEL
2024-06-28 00:00:00,Tunisia,Tunisia,TN,368.03,487.44,0.53,0.53,EMBER + Electricity Maps Estimation,true,ESTIMATED_GENERAL_PURPOSE_ZONE_MODEL
2024-06-29 00:00:00,Tunisia,Tunisia,TN,366.72,485.75,0.89,0.89,EMBER + Electricity Maps Estimation,true,ESTIMATED_GENERAL_PURPOSE_ZONE_MODEL
2024-06-30 00:00:00,Tunisia,Tunisia,TN,364.94,483.45,1.37,1.37,EMBER + Electricity Maps Estimation,true,ESTIMATED_GENERAL_PURPOSE_ZONE_MODEL
2024-07-01 00:00:00,Tunisia,Tunisia,TN,361.26,478.68,2.36,2.36,EMBER + Electricity Maps Estimation,true,ESTIMATED_GENERAL_PURPOSE_ZONE_MODEL
2024-07-02 00:00:00,Tunisia,Tunisia,TN,360.94,478.27,2.45,2.45,EMBER + Electricity Maps Estimation,true,ESTIMATED_GENERAL_PURPOSE_ZONE_MODEL
2024-07-03 00:00:00,Tunisia,Tunisia,TN,363.29,481.32,1.81,1.81,EMBER + Electricity Maps Estimation,true,ESTIMATED_GENERAL_PURPOSE_ZONE_MODEL
2024-07-04 00:00:00,Tunisia,Tunisia,TN,361.94,479.57,2.18,2.18,EMBER + Electricity Maps Estimation,true,ESTIMATED_GENERAL_PURPOSE_ZONE_MODEL
2024-07-05 00:00:00,Tunisia,Tunisia,TN,367.44,486.68,0.69,0.69,EMBER + Electricity Maps Estimation,true,ESTIMATED_GENERAL_PURPOSE_ZONE_MODEL
2024-07-06 00:00:00,Tunisia,Tunisia,TN,364.03,482.27,1.61,1.61,EMBER + Electricity Maps Estimation,true,ESTIMATED_GENERAL_PURPOSE_ZONE_MODEL
2024-07-07 00:00:00,Tunisia,Tunisia,TN,365.47,484.14,1.22,1.22,EMBER + Electricity Maps Estimation,true,ESTIMATED_GENERAL_PURPOSE_ZONE_MODEL
2024-07-08 00:00:00,Tunisia,Tunisia,TN,366.58,485.57,0.92,0.92,EMBER + Electricity Maps Estimation,true,ESTIMATED_GENERAL_PURPOSE_ZONE_MODEL
2024-07-09 00:00:00,Tunisia,Tunisia,TN,369.10,488.83,0.24,0.24,EMBER + Electricity Maps Estimation,true,ESTIMATED_GENERAL_PURPOSE_ZONE_MODEL
2024-07-10 00:00:00,Tunisia,Tunisia,TN,366.92,486.02,0.83,0.83,EMBER + Electricity Maps Estimation,true,ESTIMATED_GENERAL_PURPOSE_ZONE_MODEL
2024-07-11 00:00:00,Tunisia,Tunisia,TN,365.91,484.70,1.10,1.10,EMBER + Electricity Maps Estimation,true,ESTIMATED_GENERAL_PURPOSE_ZONE_MODEL
2024-07-12 00:00:00,Tunisia,Tunisia,TN,369.72,489.63,0.08,0.08,EMBER + Electricity Maps Estimation,true,ESTIMATED_GENERAL_PURPOSE_ZONE_MODEL
2024-07-13 00:00:00,Tunisia,Tunisia,TN,369.75,489.68,0.07,0.07,EMBER + Electricity Maps Estimation,true,ESTIMATED_GENERAL_PURPOSE_ZONE_MODEL
2024-07-14 00:00:00,Tunisia,Tunisia,TN,369.37,489.19,0.17,0.17,EMBER + Electricity Maps Estimation,true,ESTIMATED_GENERAL_PURPOSE_ZONE_MODEL
2024-07-15 00:00:00,Tunisia,Tunisia,TN,366.82,485.88,0.86,0.86,EMBER + Electricity Maps Estimation,true,ESTIMATED_GENERAL_PURPOSE_ZONE_MODEL
2024-07-16 00:00:00,Tunisia,Tunisia,TN,368.06,487.48,0.52,0.52,EMBER + Electricity Maps Estimation,true,ESTIMATED_GENERAL_PURPOSE_ZONE_MODEL
2024-07-17 00:00:00,Tunisia,Tunisia,TN,369.73,489.65,0.07,0.07,EMBER + Electricity Maps Estimation,true,ESTIMATED_GENERAL_PURPOSE_ZONE_MODEL
2024-07-18 00:00:00,Tunisia,Tunisia,TN,367.71,487.03,0.62,0.62,EMBER + Electricity Maps Estimation,true,ESTIMATED_GENERAL_PURPOSE_ZONE_MODEL
2024-07-19 00:00:00,Tunisia,Tunisia,TN,369.14,488.88,0.23,0.23,EMBER + Electricity Maps Estimation,true,ESTIMATED_GENERAL_PURPOSE_ZONE_MODEL
2024-07-20 00:00:00,Tunisia,Tunisia,TN,369.75,489.68,0.07,0.07,EMBER + Electricity Maps Estimation,true,ESTIMATED_GENERAL_PURPOSE_ZONE_MODEL
2024-07-21 00:00:00,Tunisia,Tunisia,TN,367.83,487.19,0.59,0.59,EMBER + Electricity Maps Estimation,true,ESTIMATED_GENERAL_PURPOSE_ZONE_MODEL
2024-07-22 00:00:00,Tunisia,Tunisia,TN,362.73,480.59,1.97,1.97,EMBER + Electricity Maps Estimation,true,ESTIMATED_GENERAL_PURPOSE_ZONE_MODEL
2024-07-23 00:00:00,Tunisia,Tunisia,TN,362.63,480.46,1.99,1.99,EMBER + Electricity Maps Estimation,true,ESTIMATED_GENERAL_PURPOSE_ZONE_MODEL
2024-07-24 00:00:00,Tunisia,Tunisia,TN,363.49,481.57,1.76,1.76,EMBER + Electricity Maps Estimation,true,ESTIMATED_GENERAL_PURPOSE_ZONE_MODEL
2024-07-25 00:00:00,Tunisia,Tunisia,TN,369.74,489.67,0.07,0.07,EMBER + Electricity Maps Estimation,true,ESTIMATED_GENERAL_PURPOSE_ZONE_MODEL
2024-07-26 00:00:00,Tunisia,Tunisia,TN,368.02,487.43,0.54,0.54,EMBER + Electricity Maps Estimation,true,ESTIMATED_GENERAL_PURPOSE_ZONE_MODEL
2024-07-27 00:00:00,Tunisia,Tunisia,TN,367.43,486.67,0.69,0.69,EMBER + Electricity Maps Estimation,true,ESTIMATED_GENERAL_PURPOSE_ZONE_MODEL
2024-07-28 00:00:00,Tunisia,Tunisia,TN,364.83,483.31,1.40,1.40,EMBER + Electricity Maps Estimation,true,ESTIMATED_GENERAL_PURPOSE_ZONE_MODEL
2024-07-29 00:00:00,Tunisia,Tunisia,TN,367.65,486.95,0.64,0.64,EMBER + Electricity Maps Estimation,true,ESTIMATED_GENERAL_PURPOSE_ZONE_MODEL
2024-07-30 00:00:00,Tunisia,Tunisia,TN,367.20,486.38,0.76,0.76,EMBER + Electricity Maps Estimation,true,ESTIMATED_GENERAL_PURPOSE_ZONE_MODEL
2024-07-31 00:00:00,Tunisia,Tunisia,TN,369.70,489.61,0.08,0.08,EMBER + Electricity Maps Estimation,true,ESTIMATED_GENERAL_PURPOSE_ZONE_MODEL
2024-08-01 00:00:00,Tunisia,Tunisia,TN,368.39,487.92,0.44,0.44,EMBER + Electricity Maps Estimation,true,ESTIMATED_GENERAL_PURPOSE_ZONE_MODEL
2024-08-02 00:00:00,Tunisia,Tunisia,TN,368.75,488.39,0.34,0.34,EMBER + Electricity Maps Estimation,true,ESTIMATED_GENERAL_PURPOSE_ZONE_MODEL
2024-08-03 00:00:00,Tunisia,Tunisia,TN,363.82,482.00,1.67,1.67,EMBER + Electricity Maps Estimation,true,ESTIMATED_GENERAL_PURPOSE_ZONE_MODEL
2024-08-04 00:00:00,Tunisia,Tunisia,TN,359.57,476.49,2.82,2.82,EMBER + Electricity Maps Estimation,true,ESTIMATED_GENERAL_PURPOSE_ZONE_MODEL
2024-08-05 00:00:00,Tunisia,Tunisia,TN,363.87,482.06,1.66,1.66,EMBER + Electricity Maps Estimation,true,ESTIMATED_GENERAL_PURPOSE_ZONE_MODEL
2024-08-06 00:00:00,Tunisia,Tunisia,TN,368.02,487.44,0.53,0.53,EMBER + Electricity Maps Estimation,true,ESTIMATED_GENERAL_PURPOSE_ZONE_MODEL
2024-08-07 00:00:00,Tunisia,Tunisia,TN,368.35,487.86,0.45,0.45,EMBER + Electricity Maps Estimation,true,ESTIMATED_GENERAL_PURPOSE_ZONE_MODEL
2024-08-08 00:00:00,Tunisia,Tunisia,TN,368.44,487.99,0.42,0.42,EMBER + Electricity Maps Estimation,true,ESTIMATED_GENERAL_PURPOSE_ZONE_MODEL
2024-08-09 00:00:00,Tunisia,Tunisia,TN,367.72,487.05,0.62,0.62,EMBER + Electricity Maps Estimation,true,ESTIMATED_GENERAL_PURPOSE_ZONE_MODEL
2024-08-10 00:00:00,Tunisia,Tunisia,TN,367.41,486.65,0.70,0.70,EMBER + Electricity Maps Estimation,true,ESTIMATED_GENERAL_PURPOSE_ZONE_MODEL
2024-08-11 00:00:00,Tunisia,Tunisia,TN,366.60,485.60,0.92,0.92,EMBER + Electricity Maps Estimation,true,ESTIMATED_GENERAL_PURPOSE_ZONE_MODEL
2024-08-12 00:00:00,Tunisia,Tunisia,TN,367.32,486.54,0.72,0.72,EMBER + Electricity Maps Estimation,true,ESTIMATED_GENERAL_PURPOSE_ZONE_MODEL
2024-08-13 00:00:00,Tunisia,Tunisia,TN,367.68,487.00,0.63,0.63,EMBER + Electricity Maps Estimation,true,ESTIMATED_GENERAL_PURPOSE_ZONE_MODEL
2024-08-14 00:00:00,Tunisia,Tunisia,TN,366.24,485.14,1.02,1.02,EMBER + Electricity Maps Estimation,true,ESTIMATED_GENERAL_PURPOSE_ZONE_MODEL
2024-08-15 00:00:00,Tunisia,Tunisia,TN,364.92,483.43,1.37,1.37,EMBER + Electricity Maps Estimation,true,ESTIMATED_GENERAL_PURPOSE_ZONE_MODEL
2024-08-16 00:00:00,Tunisia,Tunisia,TN,366.08,484.93,1.06,1.06,EMBER + Electricity Maps Estimation,true,ESTIMATED_GENERAL_PURPOSE_ZONE_MODEL
2024-08-17 00:00:00,Tunisia,Tunisia,TN,366.43,485.38,0.96,0.96,EMBER + Electricity Maps Estimation,true,ESTIMATED_GENERAL_PURPOSE_ZONE_MODEL
2024-08-18 00:00:00,Tunisia,Tunisia,TN,364.58,482.98,1.47,1.47,EMBER + Electricity Maps Estimation,true,ESTIMATED_GENERAL_PURPOSE_ZONE_MODEL
2024-08-19 00:00:00,Tunisia,Tunisia,TN,367.94,487.33,0.56,0.56,EMBER + Electricity Maps Estimation,true,ESTIMATED_GENERAL_PURPOSE_ZONE_MODEL
2024-08-20 00:00:00,Tunisia,Tunisia,TN,365.45,484.11,1.23,1.23,EMBER + Electricity Maps Estimation,true,ESTIMATED_GENERAL_PURPOSE_ZONE_MODEL
2024-08-21 00:00:00,Tunisia,Tunisia,TN,361.79,479.37,2.22,2.22,EMBER + Electricity Maps Estimation,true,ESTIMATED_GENERAL_PURPOSE_ZONE_MODEL
2024-08-22 00:00:00,Tunisia,Tunisia,TN,366.90,485.99,0.84,0.84,EMBER + Electricity Maps Estimation,true,ESTIMATED_GENERAL_PURPOSE_ZONE_MODEL
2024-08-23 00:00:00,Tunisia,Tunisia,TN,369.72,489.64,0.08,0.08,EMBER + Electricity Maps Estimation,true,ESTIMATED_GENERAL_PURPOSE_ZONE_MODEL
2024-08-24 00:00:00,Tunisia,Tunisia,TN,369.02,488.74,0.26,0.26,EMBER + Electricity Maps Estimation,true,ESTIMATED_GENERAL_PURPOSE_ZONE_MODEL
2024-08-25 00:00:00,Tunisia,Tunisia,TN,369.11,488.84,0.24,0.24,EMBER + Electricity Maps Estimation,true,ESTIMATED_GENERAL_PURPOSE_ZONE_MODEL
2024-08-26 00:00:00,Tunisia,Tunisia,TN,369.04,488.75,0.26,0.26,EMBER + Electricity Maps Estimation,true,ESTIMATED_GENERAL_PURPOSE_ZONE_MODEL
2024-08-27 00:00:00,Tunisia,Tunisia,TN,367.05,486.18,0.80,0.80,EMBER + Electricity Maps Estimation,true,ESTIMATED_GENERAL_PURPOSE_ZONE_MODEL
2024-08-28 00:00:00,Tunisia,Tunisia,TN,367.00,486.12,0.81,0.81,EMBER + Electricity Maps Estimation,true,ESTIMATED_GENERAL_PURPOSE_ZONE_MODEL
2024-08-29 00:00:00,Tunisia,Tunisia,TN,366.61,485.62,0.91,0.91,EMBER + Electricity Maps Estimation,true,ESTIMATED_GENERAL_PURPOSE_ZONE_MODEL
2024-08-30 00:00:00,Tunisia,Tunisia,TN,367.11,486.26,0.78,0.78,EMBER + Electricity Maps Estimation,true,ESTIMATED_GENERAL_PURPOSE_ZONE_MODEL
2024-08-31 00:00:00,Tunisia,Tunisia,TN,366.77,485.82,0.87,0.87,EMBER + Electricity Maps Estimation,true,ESTIMATED_GENERAL_PURPOSE_ZONE_MODEL
2024-09-01 00:00:00,Tunisia,Tunisia,TN,365.84,484.62,1.12,1.12,EMBER + Electricity Maps Estimation,true,ESTIMATED_GENERAL_PURPOSE_ZONE_MODEL
2024-09-02 00:00:00,Tunisia,Tunisia,TN,365.99,484.81,1.08,1.08,EMBER + Electricity Maps Estimation,true,ESTIMATED_GENERAL_PURPOSE_ZONE_MODEL
2024-09-03 00:00:00,Tunisia,Tunisia,TN,364.72,483.17,1.43,1.43,EMBER + Electricity Maps Estimation,true,ESTIMATED_GENERAL_PURPOSE_ZONE_MODEL
2024-09-04 00:00:00,Tunisia,Tunisia,TN,366.97,486.07,0.82,0.82,EMBER + Electricity Maps Estimation,true,ESTIMATED_GENERAL_PURPOSE_ZONE_MODEL
2024-09-05 00:00:00,Tunisia,Tunisia,TN,363.80,481.97,1.68,1.68,EMBER + Electricity Maps Estimation,true,ESTIMATED_GENERAL_PURPOSE_ZONE_MODEL
2024-09-06 00:00:00,Tunisia,Tunisia,TN,363.77,481.94,1.68,1.68,EMBER + Electricity Maps Estimation,true,ESTIMATED_GENERAL_PURPOSE_ZONE_MODEL
2024-09-07 00:00:00,Tunisia,Tunisia,TN,364.95,483.46,1.37,1.37,EMBER + Electricity Maps Estimation,true,ESTIMATED_GENERAL_PURPOSE_ZONE_MODEL
2024-09-08 00:00:00,Tunisia,Tunisia,TN,363.64,481.77,1.72,1.72,EMBER + Electricity Maps Estimation,true,ESTIMATED_GENERAL_PURPOSE_ZONE_MODEL
2024-09-09 00:00:00,Tunisia,Tunisia,TN,358.38,474.95,3.14,3.14,EMBER + Electricity Maps Estimation,true,ESTIMATED_GENERAL_PURPOSE_ZONE_MODEL
2024-09-10 00:00:00,Tunisia,Tunisia,TN,356.10,472.00,3.76,3.76,EMBER + Electricity Maps Estimation,true,ESTIMATED_GENERAL_PURPOSE_ZONE_MODEL
2024-09-11 00:00:00,Tunisia,Tunisia,TN,360.14,477.24,2.66,2.66,EMBER + Electricity Maps Estimation,true,ESTIMATED_GENERAL_PURPOSE_ZONE_MODEL
2024-09-12 00:00:00,Tunisia,Tunisia,TN,359.63,476.57,2.80,2.80,EMBER + Electricity Maps Estimation,true,ESTIMATED_GENERAL_PURPOSE_ZONE_MODEL
2024-09-13 00:00:00,Tunisia,Tunisia,TN,357.73,474.12,3.32,3.32,EMBER + Electricity Maps Estimation,true,ESTIMATED_GENERAL_PURPOSE_ZONE_MODEL
2024-09-14 00:00:00,Tunisia,Tunisia,TN,350.69,465.00,5.22,5.22,EMBER + Electricity Maps Estimation,true,ESTIMATED_GENERAL_PURPOSE_ZONE_MODEL
2024-09-15 00:00:00,Tunisia,Tunisia,TN,351.06,465.48,5.12,5.12,EMBER + Electricity Maps Estimation,true,ESTIMATED_GENERAL_PURPOSE_ZONE_MODEL
2024-09-16 00:00:00,Tunisia,Tunisia,TN,365.02,483.55,1.35,1.35,EMBER + Electricity Maps Estimation,true,ESTIMATED_GENERAL_PURPOSE_ZONE_MODEL
2024-09-17 00:00:00,Tunisia,Tunisia,TN,360.55,477.77,2.55,2.55,EMBER + Electricity Maps Estimation,true,ESTIMATED_GENERAL_PURPOSE_ZONE_MODEL
2024-09-18 00:00:00,Tunisia,Tunisia,TN,363.25,481.27,1.82,1.82,EMBER + Electricity Maps Estimation,true,ESTIMATED_GENERAL_PURPOSE_ZONE_MODEL
2024-09-19 00:00:00,Tunisia,Tunisia,TN,362.52,480.31,2.02,2.02,EMBER + Electricity Maps Estimation,true,ESTIMATED_GENERAL_PURPOSE_ZONE_MODEL
2024-09-20 00:00:00,Tunisia,Tunisia,TN,366.42,485.37,0.97,0.97,EMBER + Electricity Maps Estimation,true,ESTIMATED_GENERAL_PURPOSE_ZONE_MODEL
2024-09-21 00:00:00,Tunisia,Tunisia,TN,366.40,485.34,0.97,0.97,EMBER + Electricity Maps Estimation,true,ESTIMATED_GENERAL_PURPOSE_ZONE_MODEL
2024-09-22 00:00:00,Tunisia,Tunisia,TN,363.11,481.08,1.86,1.86,EMBER + Electricity Maps Estimation,true,ESTIMATED_GENERAL_PURPOSE_ZONE_MODEL
2024-09-23 00:00:00,Tunisia,Tunisia,TN,362.88,480.78,1.93,1.93,EMBER + Electricity Maps Estimation,true,ESTIMATED_GENERAL_PURPOSE_ZONE_MODEL
2024-09-24 00:00:00,Tunisia,Tunisia,TN,369.54,489.41,0.12,0.12,EMBER + Electricity Maps Estimation,true,ESTIMATED_GENERAL_PURPOSE_ZONE_MODEL
2024-09-25 00:00:00,Tunisia,Tunisia,TN,366.76,485.81,0.88,0.88,EMBER + Electricity Maps Estimation,true,ESTIMATED_GENERAL_PURPOSE_ZONE_MODEL
2024-09-26 00:00:00,Tunisia,Tunisia,TN,369.39,489.20,0.17,0.17,EMBER + Electricity Maps Estimation,true,ESTIMATED_GENERAL_PURPOSE_ZONE_MODEL
2024-09-27 00:00:00,Tunisia,Tunisia,TN,369.45,489.29,0.15,0.15,EMBER + Electricity Maps Estimation,true,ESTIMATED_GENERAL_PURPOSE_ZONE_MODEL
2024-09-28 00:00:00,Tunisia,Tunisia,TN,365.42,484.07,1.24,1.24,EMBER + Electricity Maps Estimation,true,ESTIMATED_GENERAL_PURPOSE_ZONE_MODEL
2024-09-29 00:00:00,Tunisia,Tunisia,TN,355.01,470.59,4.05,4.05,EMBER + Electricity Maps Estimation,true,ESTIMATED_GENERAL_PURPOSE_ZONE_MODEL
2024-09-30 00:00:00,Tunisia,Tunisia,TN,369.34,489.14,0.18,0.18,EMBER + Electricity Maps Estimation,true,ESTIMATED_GENERAL_PURPOSE_ZONE_MODEL
2024-10-01 00:00:00,Tunisia,Tunisia,TN,369.21,488.98,0.21,0.21,EMBER + Electricity Maps Estimation,true,ESTIMATED_GENERAL_PURPOSE_ZONE_MODEL
2024-10-02 00:00:00,Tunisia,Tunisia,TN,366.29,485.19,1.00,1.00,EMBER + Electricity Maps Estimation,true,ESTIMATED_GENERAL_PURPOSE_ZONE_MODEL
2024-10-03 00:00:00,Tunisia,Tunisia,TN,360.55,477.77,2.55,2.55,EMBER + Electricity Maps Estimation,true,ESTIMATED_GENERAL_PURPOSE_ZONE_MODEL
2024-10-04 00:00:00,Tunisia,Tunisia,TN,363.79,481.95,1.68,1.68,EMBER + Electricity Maps Estimation,true,ESTIMATED_GENERAL_PURPOSE_ZONE_MODEL
2024-10-05 00:00:00,Tunisia,Tunisia,TN,369.46,489.30,0.15,0.15,EMBER + Electricity Maps Estimation,true,ESTIMATED_GENERAL_PURPOSE_ZONE_MODEL
2024-10-06 00:00:00,Tunisia,Tunisia,TN,369.41,489.24,0.16,0.16,EMBER + Electricity Maps Estimation,true,ESTIMATED_GENERAL_PURPOSE_ZONE_MODEL
2024-10-07 00:00:00,Tunisia,Tunisia,TN,365.90,484.69,1.11,1.11,EMBER + Electricity Maps Estimation,true,ESTIMATED_GENERAL_PURPOSE_ZONE_MODEL
2024-10-08 00:00:00,Tunisia,Tunisia,TN,358.50,475.11,3.11,3.11,EMBER + Electricity Maps Estimation,true,ESTIMATED_GENERAL_PURPOSE_ZONE_MODEL
2024-10-09 00:00:00,Tunisia,Tunisia,TN,369.25,489.03,0.20,0.20,EMBER + Electricity Maps Estimation,true,ESTIMATED_GENERAL_PURPOSE_ZONE_MODEL
2024-10-10 00:00:00,Tunisia,Tunisia,TN,363.01,480.95,1.89,1.89,EMBER + Electricity Maps Estimation,true,ESTIMATED_GENERAL_PURPOSE_ZONE_MODEL
2024-10-11 00:00:00,Tunisia,Tunisia,TN,366.42,485.37,0.97,0.97,EMBER + Electricity Maps Estimation,true,ESTIMATED_GENERAL_PURPOSE_ZONE_MODEL
2024-10-12 00:00:00,Tunisia,Tunisia,TN,364.41,482.77,1.51,1.51,EMBER + Electricity Maps Estimation,true,ESTIMATED_GENERAL_PURPOSE_ZONE_MODEL
2024-10-13 00:00:00,Tunisia,Tunisia,TN,364.82,483.29,1.40,1.40,EMBER + Electricity Maps Estimation,true,ESTIMATED_GENERAL_PURPOSE_ZONE_MODEL
2024-10-14 00:00:00,Tunisia,Tunisia,TN,365.13,483.69,1.32,1.32,EMBER + Electricity Maps Estimation,true,ESTIMATED_GENERAL_PURPOSE_ZONE_MODEL
2024-10-15 00:00:00,Tunisia,Tunisia,TN,363.08,481.04,1.87,1.87,EMBER + Electricity Maps Estimation,true,ESTIMATED_GENERAL_PURPOSE_ZONE_MODEL
2024-10-16 00:00:00,Tunisia,Tunisia,TN,362.53,480.32,2.02,2.02,EMBER + Electricity Maps Estimation,true,ESTIMATED_GENERAL_PURPOSE_ZONE_MODEL
2024-10-17 00:00:00,Tunisia,Tunisia,TN,360.98,478.32,2.44,2.44,EMBER + Electricity Maps Estimation,true,ESTIMATED_GENERAL_PURPOSE_ZONE_MODEL
2024-10-18 00:00:00,Tunisia,Tunisia,TN,359.65,476.60,2.80,2.80,EMBER + Electricity Maps Estimation,true,ESTIMATED_GENERAL_PURPOSE_ZONE_MODEL
2024-10-19 00:00:00,Tunisia,Tunisia,TN,356.87,473.00,3.55,3.55,EMBER + Electricity Maps Estimation,true,ESTIMATED_GENERAL_PURPOSE_ZONE_MODEL
2024-10-20 00:00:00,Tunisia,Tunisia,TN,357.57,473.91,3.36,3.36,EMBER + Electricity Maps Estimation,true,ESTIMATED_GENERAL_PURPOSE_ZONE_MODEL
2024-10-21 00:00:00,Tunisia,Tunisia,TN,360.14,477.23,2.67,2.67,EMBER + Electricity Maps Estimation,true,ESTIMATED_GENERAL_PURPOSE_ZONE_MODEL
2024-10-22 00:00:00,Tunisia,Tunisia,TN,358.85,475.57,3.01,3.01,EMBER + Electricity Maps Estimation,true,ESTIMATED_GENERAL_PURPOSE_ZONE_MODEL
2024-10-23 00:00:00,Tunisia,Tunisia,TN,358.08,474.56,3.22,3.22,EMBER + Electricity Maps Estimation,true,ESTIMATED_GENERAL_PURPOSE_ZONE_MODEL
2024-10-24 00:00:00,Tunisia,Tunisia,TN,356.32,472.29,3.70,3.70,EMBER + Electricity Maps Estimation,true,ESTIMATED_GENERAL_PURPOSE_ZONE_MODEL
2024-10-25 00:00:00,Tunisia,Tunisia,TN,356.20,472.13,3.73,3.73,EMBER + Electricity Maps Estimation,true,ESTIMATED_GENERAL_PURPOSE_ZONE_MODEL
2024-10-26 00:00:00,Tunisia,Tunisia,TN,356.01,471.89,3.78,3.78,EMBER + Electricity Maps Estimation,true,ESTIMATED_GENERAL_PURPOSE_ZONE_MODEL
2024-10-27 00:00:00,Tunisia,Tunisia,TN,356.41,472.40,3.67,3.67,EMBER + Electricity Maps Estimation,true,ESTIMATED_GENERAL_PURPOSE_ZONE_MODEL
2024-10-28 00:00:00,Tunisia,Tunisia,TN,359.09,475.88,2.95,2.95,EMBER + Electricity Maps Estimation,true,ESTIMATED_GENERAL_PURPOSE_ZONE_MODEL
2024-10-29 00:00:00,Tunisia,Tunisia,TN,356.90,473.04,3.54,3.54,EMBER + Electricity Maps Estimation,true,ESTIMATED_GENERAL_PURPOSE_ZONE_MODEL
2024-10-30 00:00:00,Tunisia,Tunisia,TN,366.82,485.89,0.86,0.86,EMBER + Electricity Maps Estimation,true,ESTIMATED_GENERAL_PURPOSE_ZONE_MODEL
2024-10-31 00:00:00,Tunisia,Tunisia,TN,365.31,483.93,1.27,1.27,EMBER + Electricity Maps Estimation,true,ESTIMATED_GENERAL_PURPOSE_ZONE_MODEL
2024-11-01 00:00:00,Tunisia,Tunisia,TN,353.87,469.12,4.36,4.36,EMBER + Electricity Maps Estimation,true,ESTIMATED_GENERAL_PURPOSE_ZONE_MODEL
2024-11-02 00:00:00,Tunisia,Tunisia,TN,365.46,484.12,1.23,1.23,EMBER + Electricity Maps Estimation,true,ESTIMATED_GENERAL_PURPOSE_ZONE_MODEL
2024-11-03 00:00:00,Tunisia,Tunisia,TN,368.82,488.47,0.32,0.32,EMBER + Electricity Maps Estimation,true,ESTIMATED_GENERAL_PURPOSE_ZONE_MODEL
2024-11-04 00:00:00,Tunisia,Tunisia,TN,369.13,488.88,0.23,0.23,EMBER + Electricity Maps Estimation,true,ESTIMATED_GENERAL_PURPOSE_ZONE_MODEL
2024-11-05 00:00:00,Tunisia,Tunisia,TN,369.17,488.92,0.22,0.22,EMBER + Electricity Maps Estimation,true,ESTIMATED_GENERAL_PURPOSE_ZONE_MODEL
2024-11-06 00:00:00,Tunisia,Tunisia,TN,360.72,477.98,2.51,2.51,EMBER + Electricity Maps Estimation,true,ESTIMATED_GENERAL_PURPOSE_ZONE_MODEL
2024-11-07 00:00:00,Tunisia,Tunisia,TN,359.12,475.91,2.94,2.94,EMBER + Electricity Maps Estimation,true,ESTIMATED_GENERAL_PURPOSE_ZONE_MODEL
2024-11-08 00:00:00,Tunisia,Tunisia,TN,359.93,476.96,2.72,2.72,EMBER + Electricity Maps Estimation,true,ESTIMATED_GENERAL_PURPOSE_ZONE_MODEL
2024-11-09 00:00:00,Tunisia,Tunisia,TN,358.89,475.61,3.00,3.00,EMBER + Electricity Maps Estimation,true,ESTIMATED_GENERAL_PURPOSE_ZONE_MODEL
2024-11-10 00:00:00,Tunisia,Tunisia,TN,357.14,473.35,3.48,3.48,EMBER + Electricity Maps Estimation,true,ESTIMATED_GENERAL_PURPOSE_ZONE_MODEL
2024-11-11 00:00:00,Tunisia,Tunisia,TN,357.92,474.36,3.27,3.27,EMBER + Electricity Maps Estimation,true,ESTIMATED_GENERAL_PURPOSE_ZONE_MODEL
2024-11-12 00:00:00,Tunisia,Tunisia,TN,358.04,474.52,3.23,3.23,EMBER + Electricity Maps Estimation,true,ESTIMATED_GENERAL_PURPOSE_ZONE_MODEL
2024-11-13 00:00:00,Tunisia,Tunisia,TN,369.42,489.24,0.16,0.16,EMBER + Electricity Maps Estimation,true,ESTIMATED_GENERAL_PURPOSE_ZONE_MODEL
2024-11-14 00:00:00,Tunisia,Tunisia,TN,369.27,489.06,0.20,0.20,EMBER + Electricity Maps Estimation,true,ESTIMATED_GENERAL_PURPOSE_ZONE_MODEL
2024-11-15 00:00:00,Tunisia,Tunisia,TN,364.30,482.62,1.54,1.54,EMBER + Electricity Maps Estimation,true,ESTIMATED_GENERAL_PURPOSE_ZONE_MODEL
2024-11-16 00:00:00,Tunisia,Tunisia,TN,369.49,489.34,0.14,0.14,EMBER + Electricity Maps Estimation,true,ESTIMATED_GENERAL_PURPOSE_ZONE_MODEL
2024-11-17 00:00:00,Tunisia,Tunisia,TN,369.21,488.98,0.21,0.21,EMBER + Electricity Maps Estimation,true,ESTIMATED_GENERAL_PURPOSE_ZONE_MODEL
2024-11-18 00:00:00,Tunisia,Tunisia,TN,369.13,488.87,0.24,0.24,EMBER + Electricity Maps Estimation,true,ESTIMATED_GENERAL_PURPOSE_ZONE_MODEL
2024-11-19 00:00:00,Tunisia,Tunisia,TN,369.20,488.96,0.22,0.22,EMBER + Electricity Maps Estimation,true,ESTIMATED_GENERAL_PURPOSE_ZONE_MODEL
2024-11-20 00:00:00,Tunisia,Tunisia,TN,359.62,476.56,2.80,2.80,EMBER + Electricity Maps Estimation,true,ESTIMATED_GENERAL_PURPOSE_ZONE_MODEL
2024-11-21 00:00:00,Tunisia,Tunisia,TN,363.30,481.32,1.81,1.81,EMBER + Electricity Maps Estimation,true,ESTIMATED_GENERAL_PURPOSE_ZONE_MODEL
2024-11-22 00:00:00,Tunisia,Tunisia,TN,357.14,473.35,3.48,3.48,EMBER + Electricity Maps Estimation,true,ESTIMATED_GENERAL_PURPOSE_ZONE_MODEL
2024-11-23 00:00:00,Tunisia,Tunisia,TN,355.16,470.79,4.01,4.01,EMBER + Electricity Maps Estimation,true,ESTIMATED_GENERAL_PURPOSE_ZONE_MODEL
2024-11-24 00:00:00,Tunisia,Tunisia,TN,356.88,473.01,3.55,3.55,EMBER + Electricity Maps Estimation,true,ESTIMATED_GENERAL_PURPOSE_ZONE_MODEL
2024-11-25 00:00:00,Tunisia,Tunisia,TN,365.67,484.39,1.17,1.17,EMBER + Electricity Maps Estimation,true,ESTIMATED_GENERAL_PURPOSE_ZONE_MODEL
2024-11-26 00:00:00,Tunisia,Tunisia,TN,369.25,489.04,0.20,0.20,EMBER + Electricity Maps Estimation,true,ESTIMATED_GENERAL_PURPOSE_ZONE_MODEL
2024-11-27 00:00:00,Tunisia,Tunisia,TN,369.44,489.28,0.15,0.15,EMBER + Electricity Maps Estimation,true,ESTIMATED_GENERAL_PURPOSE_ZONE_MODEL
2024-11-28 00:00:00,Tunisia,Tunisia,TN,368.92,488.61,0.29,0.29,EMBER + Electricity Maps Estimation,true,ESTIMATED_GENERAL_PURPOSE_ZONE_MODEL
2024-11-29 00:00:00,Tunisia,Tunisia,TN,367.63,486.93,0.64,0.64,EMBER + Electricity Maps Estimation,true,ESTIMATED_GENERAL_PURPOSE_ZONE_MODEL
2024-11-30 00:00:00,Tunisia,Tunisia,TN,360.65,477.90,2.53,2.53,EMBER + Electricity Maps Estimation,true,ESTIMATED_GENERAL_PURPOSE_ZONE_MODEL
2024-12-01 00:00:00,Tunisia,Tunisia,TN,369.20,488.97,0.21,0.21,EMBER + Electricity Maps Estimation,true,ESTIMATED_GENERAL_PURPOSE_ZONE_MODEL
2024-12-02 00:00:00,Tunisia,Tunisia,TN,368.09,487.52,0.52,0.52,EMBER + Electricity Maps Estimation,true,ESTIMATED_GENERAL_PURPOSE_ZONE_MODEL
2024-12-03 00:00:00,Tunisia,Tunisia,TN,359.17,475.98,2.93,2.93,EMBER + Electricity Maps Estimation,true,ESTIMATED_GENERAL_PURPOSE_ZONE_MODEL
2024-12-04 00:00:00,Tunisia,Tunisia,TN,358.68,475.35,3.06,3.06,EMBER + Electricity Maps Estimation,true,ESTIMATED_GENERAL_PURPOSE_ZONE_MODEL
2024-12-05 00:00:00,Tunisia,Tunisia,TN,357.40,473.69,3.41,3.41,EMBER + Electricity Maps Estimation,true,ESTIMATED_GENERAL_PURPOSE_ZONE_MODEL
2024-12-06 00:00:00,Tunisia,Tunisia,TN,357.93,474.37,3.26,3.26,EMBER + Electricity Maps Estimation,true,ESTIMATED_GENERAL_PURPOSE_ZONE_MODEL
2024-12-07 00:00:00,Tunisia,Tunisia,TN,354.16,469.49,4.28,4.28,EMBER + Electricity Maps Estimation,true,ESTIMATED_GENERAL_PURPOSE_ZONE_MODEL
2024-12-08 00:00:00,Tunisia,Tunisia,TN,353.59,468.76,4.43,4.43,EMBER + Electricity Maps Estimation,true,ESTIMATED_GENERAL_PURPOSE_ZONE_MODEL
2024-12-09 00:00:00,Tunisia,Tunisia,TN,359.13,475.93,2.94,2.94,EMBER + Electricity Maps Estimation,true,ESTIMATED_GENERAL_PURPOSE_ZONE_MODEL
2024-12-10 00:00:00,Tunisia,Tunisia,TN,361.48,478.97,2.30,2.30,EMBER + Electricity Maps Estimation,true,ESTIMATED_GENERAL_PURPOSE_ZONE_MODEL
2024-12-11 00:00:00,Tunisia,Tunisia,TN,368.88,488.56,0.30,0.30,EMBER + Electricity Maps Estimation,true,ESTIMATED_GENERAL_PURPOSE_ZONE_MODEL
2024-12-12 00:00:00,Tunisia,Tunisia,TN,362.99,480.93,1.89,1.89,EMBER + Electricity Maps Estimation,true,ESTIMATED_GENERAL_PURPOSE_ZONE_MODEL
2024-12-13 00:00:00,Tunisia,Tunisia,TN,368.30,487.79,0.46,0.46,EMBER + Electricity Maps Estimation,true,ESTIMATED_GENERAL_PURPOSE_ZONE_MODEL
2024-12-14 00:00:00,Tunisia,Tunisia,TN,368.91,488.59,0.29,0.29,EMBER + Electricity Maps Estimation,true,ESTIMATED_GENERAL_PURPOSE_ZONE_MODEL
2024-12-15 00:00:00,Tunisia,Tunisia,TN,357.96,474.41,3.25,3.25,EMBER + Electricity Maps Estimation,true,ESTIMATED_GENERAL_PURPOSE_ZONE_MODEL
2024-12-16 00:00:00,Tunisia,Tunisia,TN,359.10,475.89,2.95,2.95,EMBER + Electricity Maps Estimation,true,ESTIMATED_GENERAL_PURPOSE_ZONE_MODEL
2024-12-17 00:00:00,Tunisia,Tunisia,TN,366.13,484.99,1.05,1.05,EMBER + Electricity Maps Estimation,true,ESTIMATED_GENERAL_PURPOSE_ZONE_MODEL
2024-12-18 00:00:00,Tunisia,Tunisia,TN,369.34,489.15,0.18,0.18,EMBER + Electricity Maps Estimation,true,ESTIMATED_GENERAL_PURPOSE_ZONE_MODEL
2024-12-19 00:00:00,Tunisia,Tunisia,TN,362.61,480.44,2.00,2.00,EMBER + Electricity Maps Estimation,true,ESTIMATED_GENERAL_PURPOSE_ZONE_MODEL
2024-12-20 00:00:00,Tunisia,Tunisia,TN,357.82,474.24,3.29,3.29,EMBER + Electricity Maps Estimation,true,ESTIMATED_GENERAL_PURPOSE_ZONE_MODEL
2024-12-21 00:00:00,Tunisia,Tunisia,TN,358.01,474.48,3.24,3.24,EMBER + Electricity Maps Estimation,true,ESTIMATED_GENERAL_PURPOSE_ZONE_MODEL
2024-12-22 00:00:00,Tunisia,Tunisia,TN,357.89,474.32,3.27,3.27,EMBER + Electricity Maps Estimation,true,ESTIMATED_GENERAL_PURPOSE_ZONE_MODEL
2024-12-23 00:00:00,Tunisia,Tunisia,TN,358.77,475.46,3.03,3.03,EMBER + Electricity Maps Estimation,true,ESTIMATED_GENERAL_PURPOSE_ZONE_MODEL
2024-12-24 00:00:00,Tunisia,Tunisia,TN,359.38,476.25,2.87,2.87,EMBER + Electricity Maps Estimation,true,ESTIMATED_GENERAL_PURPOSE_ZONE_MODEL
2024-12-25 00:00:00,Tunisia,Tunisia,TN,360.33,477.48,2.61,2.61,EMBER + Electricity Maps Estimation,true,ESTIMATED_GENERAL_PURPOSE_ZONE_MODEL
2024-12-26 00:00:00,Tunisia,Tunisia,TN,360.04,477.11,2.69,2.69,EMBER + Electricity Maps Estimation,true,ESTIMATED_GENERAL_PURPOSE_ZONE_MODEL
2024-12-27 00:00:00,Tunisia,Tunisia,TN,360.65,477.89,2.53,2.53,EMBER + Electricity Maps Estimation,true,ESTIMATED_GENERAL_PURPOSE_ZONE_MODEL
2024-12-28 00:00:00,Tunisia,Tunisia,TN,363.34,481.38,1.80,1.80,EMBER + Electricity Maps Estimation,true,ESTIMATED_GENERAL_PURPOSE_ZONE_MODEL
2024-12-29 00:00:00,Tunisia,Tunisia,TN,368.11,487.56,0.51,0.51,EMBER + Electricity Maps Estimation,true,ESTIMATED_GENERAL_PURPOSE_ZONE_MODEL
2024-12-30 00:00:00,Tunisia,Tunisia,TN,367.54,486.81,0.67,0.67,EMBER + Electricity Maps Estimation,true,ESTIMATED_GENERAL_PURPOSE_ZONE_MODEL
2024-12-31 00:00:00,Tunisia,Tunisia,TN,359.82,476.82,2.75,2.75,EMBER + Electricity Maps Estimation,true,ESTIMATED_GENERAL_PURPOSE_ZONE_MODEL
